quarter,ticker,company_name,exchange,sector,industry,is_vn30,close_price,quarter_return,return_1m,return_3m,return_6m,rsi14,volatility_63d,volume_avg,trading_value_avg,technical_score,fundamental_score,valuation_score,liquidity_score,risk_score,total_signal_score,signal_class,risk_level,base_total_signal_score,base_signal_class,vn30_return,vnindex_return,relative_strength_vs_vnindex,relative_strength_vs_vn30,relative_strength_score
2023Q1,STB,Sacombank,HOSE,Banking,Commercial Bank,1,26.2,11.49,2.34,19.63,29.06,60.17,41.04,18135204.41,455844556.66,100,50,50,100.0,20.0,70.0,Positive Signal,High Risk,69.5,Positive Signal,2.52,1.99,9.5,8.97,80
2023Q1,POW,PV Power,HOSE,Utilities,Power Generation,1,10.91,19.5,3.9,28.2,2.73,50.91,31.99,8485244.14,87119851.86,100,50,50,76.67,50.0,71.5,Positive Signal,Medium Risk,69.0,Positive Signal,2.52,1.99,17.51,16.98,100
2023Q1,VPB,VPBank,HOSE,Banking,Commercial Bank,1,18.22,13.8,21.63,22.36,13.8,76.98,34.21,19840051.83,326954488.66,85,50,50,93.33,43.33,69.58,Positive Signal,Medium Risk,66.33,Positive Signal,2.52,1.99,11.81,11.28,100
2023Q1,VRE,Vincom Retail,HOSE,Real Estate,Retail Real Estate,1,28.54,5.16,12.81,20.37,10.07,55.26,38.27,2272131.63,62655158.3,100,50,50,60.0,26.67,62.67,Neutral,Medium Risk,64.17,Neutral,2.52,1.99,3.17,2.64,60
2023Q1,ACB,ACB,HOSE,Banking,Commercial Bank,1,12.63,10.11,-0.16,13.17,13.68,57.56,28.17,3566417.1,44409970.5,90,50,50,43.33,73.33,64.33,Neutral,Medium Risk,63.33,Neutral,2.52,1.99,8.12,7.59,80
2023Q1,HDB,HDBank,HOSE,Banking,Commercial Bank,1,9.8,16.67,6.99,18.5,0.51,57.62,31.2,2280390.24,20926505.18,100,50,50,16.67,60.0,63.5,Neutral,Medium Risk,61.0,Neutral,2.52,1.99,14.68,14.15,100
2023Q1,CTG,VietinBank,HOSE,Banking,Commercial Bank,1,17.92,4.25,5.04,12.07,25.31,48.78,28.63,2788849.71,49995911.65,75,50,50,53.33,70.0,59.75,Neutral,Medium Risk,60.0,Neutral,2.52,1.99,2.26,1.73,60
2023Q1,TPB,TPBank,HOSE,Banking,Commercial Bank,1,11.48,12.44,3.52,17.26,-0.09,54.76,32.23,5719678.42,63775880.86,75,50,50,63.33,46.67,62.92,Neutral,Medium Risk,59.17,Neutral,2.52,1.99,10.45,9.92,100
2023Q1,VHM,Vinhomes,HOSE,Real Estate,Residential Real Estate,1,49.59,4.25,25.29,9.57,0.57,71.55,36.84,2341769.9,102829644.23,65,50,50,86.67,33.33,58.58,Neutral,Medium Risk,58.33,Neutral,2.52,1.99,2.26,1.73,60
2023Q1,MBB,Military Bank,HOSE,Banking,Commercial Bank,1,9.89,1.44,4.88,8.68,,65.65,27.18,8336053.32,82451232.0,55,50,50,70.0,80.0,56.25,Neutral,Medium Risk,57.5,Neutral,2.52,1.99,-0.55,-1.08,40
2023Q1,SSI,SSI Securities,HOSE,Securities,Brokerage,1,14.35,13.8,15.35,26.1,,65.66,45.09,15437018.27,205355372.14,65,50,50,90.0,13.33,61.08,Neutral,High Risk,56.83,Neutral,2.52,1.99,11.81,11.28,100
2023Q1,VIC,Vingroup,HOSE,Real Estate,Conglomerate / Real Estate,1,27.5,-3.17,4.17,3.97,-4.35,68.09,21.0,1669904.49,45287232.45,55,50,50,46.67,86.67,51.42,Neutral,Low Risk,54.67,Neutral,2.52,1.99,-5.16,-5.69,20
2023Q1,VCI,Vietcap Securities,HOSE,Securities,Brokerage,1,17.35,29.19,19.33,43.98,,65.82,54.51,5834065.42,89579118.67,65,50,50,80.0,3.33,58.58,Neutral,High Risk,54.33,Neutral,2.52,1.99,27.2,26.67,100
2023Q1,HPG,Hoa Phat Group,HOSE,Steel,Steel,1,14.07,8.06,1.01,21.71,-4.55,46.64,41.67,23469035.31,329632879.85,45,50,50,96.67,16.67,55.42,Neutral,High Risk,52.17,Neutral,2.52,1.99,6.07,5.54,80
2023Q1,TCB,Techcombank,HOSE,Banking,Commercial Bank,1,13.12,3.31,4.29,10.34,,65.16,30.44,3232674.19,41440866.06,55,50,50,40.0,63.33,52.08,Neutral,Medium Risk,51.33,Neutral,2.52,1.99,1.32,0.79,60
2023Q1,HCM,HSC Securities,HOSE,Securities,Brokerage,1,12.65,21.75,8.49,31.91,,59.74,50.18,5111011.92,60652046.36,65,50,50,56.67,6.67,55.42,Neutral,High Risk,51.17,Neutral,2.52,1.99,19.76,19.23,100
2023Q1,SAB,Sabeco,HOSE,Consumer,Beverage,1,75.23,9.86,-1.81,7.32,2.93,43.34,26.1,118545.56,8997710.64,60,50,50,6.67,83.33,52.33,Neutral,Medium Risk,49.83,Weak Signal,2.52,1.99,7.87,7.34,80
2023Q1,PLX,Petrolimex,HOSE,Energy,Petroleum Distribution,1,34.27,13.67,-3.11,23.99,11.85,46.46,34.64,943093.8,31919154.86,60,50,50,30.0,40.0,53.5,Neutral,Medium Risk,49.0,Weak Signal,2.52,1.99,11.68,11.15,100
2023Q1,VNM,Vinamilk,HOSE,Consumer,Dairy,1,60.43,-5.22,-2.75,-2.11,5.46,31.39,19.28,1460437.76,91404960.73,15,50,50,83.33,90.0,47.25,Weak Signal,Low Risk,48.5,Weak Signal,2.52,1.99,-7.21,-7.74,20
2023Q1,BCM,Becamex IDC,HOSE,Industrial Parks,Industrial Real Estate,1,79.18,-1.32,-1.32,6.28,-8.19,42.22,14.2,94161.03,7504746.16,45,50,50,3.33,100.0,45.75,Weak Signal,Low Risk,46.5,Weak Signal,2.52,1.99,-3.31,-3.84,40
2023Q1,FPT,FPT Corporation,HOSE,Technology,IT Services,1,48.52,-1.12,-1.12,3.54,,51.36,16.1,796975.49,39463740.17,30,50,50,33.33,96.67,46.17,Weak Signal,Low Risk,46.17,Weak Signal,2.52,1.99,-3.11,-3.64,40
2023Q1,VJC,Vietjet Air,HOSE,Transportation,Airlines,1,80.84,-5.91,3.44,-3.5,-4.55,59.38,31.84,292746.34,23836498.44,50,50,50,20.0,53.33,42.83,Weak Signal,Medium Risk,45.83,Weak Signal,2.52,1.99,-7.9,-8.43,20
2023Q1,KDH,Khang Dien House,HOSE,Real Estate,Residential Real Estate,1,20.74,-1.43,10.85,11.99,-6.11,60.2,40.18,1438092.27,29064137.29,55,50,50,26.67,23.33,44.08,Weak Signal,High Risk,45.33,Weak Signal,2.52,1.99,-3.42,-3.95,40
2023Q1,GVR,Vietnam Rubber Group,HOSE,Materials,Rubber / Industrial Materials,1,14.87,6.14,8.78,16.08,-28.34,56.67,45.23,2006907.53,28978788.31,55,50,50,23.33,10.0,44.25,Weak Signal,High Risk,43.5,Weak Signal,2.52,1.99,4.15,3.62,60
2023Q1,VCB,Vietcombank,HOSE,Banking,Commercial Bank,1,51.39,10.66,-1.93,15.85,,49.73,28.01,979333.02,49743659.08,15,50,50,50.0,76.67,46.92,Weak Signal,Medium Risk,42.17,Weak Signal,2.52,1.99,8.67,8.14,80
2023Q1,BID,BIDV,HOSE,Banking,Commercial Bank,1,33.51,12.15,-0.42,19.08,,49.68,37.92,1250625.31,40208933.68,30,50,50,36.67,30.0,46.0,Weak Signal,Medium Risk,40.0,Weak Signal,2.52,1.99,10.16,9.63,100
2023Q1,MSN,Masan Group,HOSE,Consumer,Consumer Goods,1,77.8,-18.96,-1.52,-14.97,-23.8,27.21,36.43,857241.22,73838462.52,10,50,50,66.67,36.67,38.17,Weak Signal,Medium Risk,39.17,Weak Signal,2.52,1.99,-20.95,-21.48,20
2023Q1,MWG,Mobile World,HOSE,Retail,Consumer Retail,1,37.34,-12.31,-4.35,-9.52,,43.94,31.79,2055501.54,85299899.0,0,50,50,73.33,56.67,38.67,Weak Signal,Medium Risk,39.17,Weak Signal,2.52,1.99,-14.3,-14.83,20
2023Q1,GAS,PV Gas,HOSE,Energy,Gas,1,70.27,-2.85,-2.85,-0.58,-1.91,19.21,18.09,218982.17,15932474.84,0,50,50,10.0,93.33,34.83,Risk Alert,Low Risk,33.33,Risk Alert,2.52,1.99,-4.84,-5.37,40
2023Q1,PNJ,Phu Nhuan Jewelry,HOSE,Retail,Jewelry Retail,1,48.24,-12.61,-3.25,-3.42,,34.59,29.27,354505.07,18394608.87,0,50,50,13.33,66.67,30.67,Risk Alert,Medium Risk,31.17,Risk Alert,2.52,1.99,-14.6,-15.13,20
2023Q2,ACB,ACB,HOSE,Banking,Commercial Bank,1,13.33,4.55,3.01,7.24,15.21,65.79,11.91,7009870.24,90218603.62,100,50,50,73.33,100.0,72.0,Positive Signal,Low Risk,73.5,Positive Signal,3.16,3.79,0.76,1.39,60
2023Q2,STB,Sacombank,HOSE,Banking,Commercial Bank,1,29.8,11.4,6.43,14.62,26.81,66.0,22.83,15746424.39,431024640.23,100,50,50,100.0,40.0,72.0,Positive Signal,High Risk,71.5,Positive Signal,3.16,3.79,7.61,8.24,80
2023Q2,CTG,VietinBank,HOSE,Banking,Commercial Bank,1,18.11,-1.47,5.54,1.74,6.72,64.53,16.35,3743807.56,65936479.88,100,50,50,53.33,73.33,62.33,Neutral,Medium Risk,67.83,Positive Signal,3.16,3.79,-5.26,-4.63,20
2023Q2,VPB,VPBank,HOSE,Banking,Commercial Bank,1,17.18,-6.38,2.32,-5.03,8.19,55.38,17.42,11863826.48,204472863.82,85,50,50,90.0,63.33,63.08,Neutral,Medium Risk,67.83,Positive Signal,3.16,3.79,-10.17,-9.54,20
2023Q2,HPG,Hoa Phat Group,HOSE,Steel,Steel,1,17.69,24.58,22.25,25.73,42.55,76.53,23.43,19825511.89,302265049.65,85,50,50,93.33,36.67,68.92,Positive Signal,High Risk,65.67,Positive Signal,3.16,3.79,20.79,21.42,100
2023Q2,MBB,Military Bank,HOSE,Banking,Commercial Bank,1,11.22,10.76,10.22,13.45,16.75,58.33,18.82,9140387.35,96164219.26,80,50,50,80.0,53.33,65.33,Positive Signal,Medium Risk,63.83,Neutral,3.16,3.79,6.97,7.6,80
2023Q2,SSI,SSI Securities,HOSE,Securities,Brokerage,1,17.89,21.87,14.31,27.97,46.52,66.33,29.6,19822995.82,311324304.2,80,50,50,96.67,10.0,65.5,Positive Signal,High Risk,62.0,Neutral,3.16,3.79,18.08,18.71,100
2023Q2,FPT,FPT Corporation,HOSE,Technology,IT Services,1,52.75,6.31,3.01,8.72,10.26,58.33,12.38,759244.03,38504491.26,80,50,50,30.0,93.33,59.83,Neutral,Low Risk,60.33,Neutral,3.16,3.79,2.52,3.15,60
2023Q2,KDH,Khang Dien House,HOSE,Real Estate,Residential Real Estate,1,23.14,5.13,4.75,14.05,17.34,53.97,26.5,1999883.94,44945321.61,100,50,50,36.67,23.33,58.83,Neutral,High Risk,60.33,Neutral,3.16,3.79,1.34,1.97,60
2023Q2,VHM,Vinhomes,HOSE,Real Estate,Residential Real Estate,1,52.96,4.56,3.76,10.98,10.43,47.27,26.72,1578728.26,80783078.54,85,50,50,66.67,20.0,59.25,Neutral,High Risk,60.0,Neutral,3.16,3.79,0.77,1.4,60
2023Q2,GVR,Vietnam Rubber Group,HOSE,Materials,Rubber / Industrial Materials,1,18.62,21.62,3.22,31.96,35.22,62.88,36.52,3297345.66,54695469.43,100,50,50,43.33,3.33,61.83,Neutral,High Risk,59.33,Neutral,3.16,3.79,17.83,18.46,100
2023Q2,VCI,Vietcap Securities,HOSE,Securities,Brokerage,1,20.08,13.83,5.02,15.73,55.18,63.98,32.46,5092465.76,93873339.02,80,50,50,76.67,6.67,62.17,Neutral,High Risk,58.67,Neutral,3.16,3.79,10.04,10.67,100
2023Q2,MWG,Mobile World,HOSE,Retail,Consumer Retail,1,41.95,11.04,10.19,12.2,-5.45,52.08,26.44,2841946.81,112097459.65,65,50,50,83.33,26.67,59.42,Neutral,High Risk,57.17,Neutral,3.16,3.79,7.25,7.88,80
2023Q2,HDB,HDBank,HOSE,Banking,Commercial Bank,1,9.98,1.32,0.0,4.83,15.24,54.72,18.7,2148538.95,21370440.99,90,50,50,10.0,56.67,53.67,Neutral,Medium Risk,56.67,Neutral,3.16,3.79,-2.47,-1.84,40
2023Q2,VNM,Vinamilk,HOSE,Consumer,Dairy,1,57.67,-4.57,7.41,-5.33,-6.83,65.71,18.06,2588881.5,144544053.65,50,50,50,86.67,60.0,53.5,Neutral,Medium Risk,56.5,Neutral,3.16,3.79,-8.36,-7.73,20
2023Q2,HCM,HSC Securities,HOSE,Securities,Brokerage,1,14.22,9.81,4.64,16.08,38.19,66.67,29.2,6019004.48,79669039.82,80,50,50,56.67,13.33,57.83,Neutral,High Risk,56.33,Neutral,3.16,3.79,6.02,6.65,80
2023Q2,TPB,TPBank,HOSE,Banking,Commercial Bank,1,12.96,10.2,-4.14,13.19,26.44,34.07,21.29,4444802.47,56295248.53,75,50,50,46.67,43.33,58.08,Neutral,Medium Risk,56.33,Neutral,3.16,3.79,6.41,7.04,80
2023Q2,POW,PV Power,HOSE,Utilities,Power Generation,1,11.08,1.56,-1.77,1.56,22.43,32.17,18.95,7194423.5,80152770.12,60,50,50,60.0,50.0,53.0,Neutral,Medium Risk,54.5,Neutral,3.16,3.79,-2.23,-1.6,40
2023Q2,VRE,Vincom Retail,HOSE,Real Estate,Retail Real Estate,1,25.88,-9.48,-0.19,-10.39,3.85,51.41,15.7,3013550.15,80335395.63,40,50,50,63.33,86.67,50.17,Neutral,Medium Risk,52.67,Neutral,3.16,3.79,-13.27,-12.64,20
2023Q2,TCB,Techcombank,HOSE,Banking,Commercial Bank,1,14.97,10.4,6.78,16.77,17.23,45.51,26.76,4265537.65,60671991.67,65,50,50,50.0,16.67,53.42,Neutral,High Risk,51.17,Neutral,3.16,3.79,6.61,7.24,80
2023Q2,VCB,Vietcombank,HOSE,Banking,Commercial Bank,1,56.23,7.76,6.5,7.89,26.42,46.45,20.74,686037.16,36823694.14,65,50,50,26.67,46.67,50.92,Neutral,Medium Risk,50.67,Neutral,3.16,3.79,3.97,4.6,60
2023Q2,PLX,Petrolimex,HOSE,Energy,Petroleum Distribution,1,34.18,-0.41,-0.26,1.21,20.86,41.38,15.81,712024.15,24545412.17,60,50,50,13.33,80.0,49.0,Weak Signal,Medium Risk,50.5,Neutral,3.16,3.79,-4.2,-3.57,40
2023Q2,PNJ,Phu Nhuan Jewelry,HOSE,Retail,Jewelry Retail,1,46.96,-1.51,7.58,-2.65,-6.51,64.46,15.7,588694.66,27409517.2,50,50,50,16.67,83.33,45.33,Weak Signal,Medium Risk,48.33,Weak Signal,3.16,3.79,-5.3,-4.67,20
2023Q2,MSN,Masan Group,HOSE,Consumer,Consumer Goods,1,75.2,-2.08,4.74,-5.05,-20.84,34.62,24.3,1083445.34,81740416.74,35,50,50,70.0,33.33,44.58,Weak Signal,High Risk,46.83,Weak Signal,3.16,3.79,-5.87,-5.24,20
2023Q2,BCM,Becamex IDC,HOSE,Industrial Parks,Industrial Real Estate,1,75.65,-5.15,1.93,-3.77,-0.75,34.09,12.22,142707.56,10934726.29,35,50,50,6.67,96.67,41.42,Weak Signal,Low Risk,43.67,Weak Signal,3.16,3.79,-8.94,-8.31,20
2023Q2,BID,BIDV,HOSE,Banking,Commercial Bank,1,31.44,-5.56,-1.26,-6.18,11.13,47.48,16.01,870076.61,28024790.3,25,50,50,20.0,76.67,38.92,Weak Signal,Medium Risk,40.67,Weak Signal,3.16,3.79,-9.35,-8.72,20
2023Q2,VJC,Vietjet Air,HOSE,Transportation,Airlines,1,72.54,-8.08,-3.28,-11.29,-15.42,34.0,14.7,527676.68,39473129.15,10,50,50,33.33,90.0,38.5,Weak Signal,Low Risk,39.5,Weak Signal,3.16,3.79,-11.87,-11.24,20
2023Q2,GAS,PV Gas,HOSE,Energy,Gas,1,64.07,-9.26,1.09,-9.17,-8.37,45.95,16.37,459691.68,30077620.62,20,50,50,23.33,70.0,37.5,Weak Signal,Medium Risk,39.0,Weak Signal,3.16,3.79,-13.05,-12.42,20
2023Q2,VIC,Vingroup,HOSE,Real Estate,Conglomerate / Real Estate,1,25.5,-12.07,-1.92,-5.03,-7.44,27.78,24.32,1981997.98,52445165.12,10,50,50,40.0,30.0,33.5,Risk Alert,High Risk,34.5,Risk Alert,3.16,3.79,-15.86,-15.23,20
2023Q2,SAB,Sabeco,HOSE,Consumer,Beverage,1,63.16,-14.34,-1.99,-16.19,-10.93,24.37,16.82,144924.15,9711616.38,0,50,50,3.33,66.67,29.17,Risk Alert,Medium Risk,29.67,Risk Alert,3.16,3.79,-18.13,-17.5,20
2023Q3,HDB,HDBank,HOSE,Banking,Commercial Bank,1,10.71,8.18,7.1,7.31,12.5,55.97,19.82,4485808.62,47455572.54,100,50,50,16.67,86.67,64.17,Neutral,Low Risk,63.67,Neutral,3.82,2.55,5.63,4.36,80
2023Q3,GAS,PV Gas,HOSE,Energy,Gas,1,77.69,19.98,8.95,21.26,10.14,66.44,19.78,605505.05,42837320.56,100,50,50,10.0,90.0,65.5,Positive Signal,Low Risk,63.0,Neutral,3.82,2.55,17.43,16.16,100
2023Q3,MBB,Military Bank,HOSE,Banking,Commercial Bank,1,11.81,5.26,1.37,5.26,19.41,46.0,19.44,11297142.13,134658010.02,70,50,50,66.67,93.33,62.83,Neutral,Low Risk,62.83,Neutral,3.82,2.55,2.71,1.44,60
2023Q3,VPB,VPBank,HOSE,Banking,Commercial Bank,1,18.78,9.31,4.04,9.31,3.81,47.51,27.45,18610361.51,343946898.09,75,50,50,83.33,46.67,63.92,Neutral,Medium Risk,62.17,Neutral,3.82,2.55,6.76,5.49,80
2023Q3,FPT,FPT Corporation,HOSE,Technology,IT Services,1,66.99,26.42,-0.86,27.0,38.07,35.26,22.0,2030786.78,130787361.34,75,50,50,60.0,73.33,65.08,Positive Signal,Medium Risk,61.33,Neutral,3.82,2.55,23.87,22.6,100
2023Q3,SSI,SSI Securities,HOSE,Securities,Brokerage,1,22.05,23.74,-1.69,23.25,57.73,43.71,42.34,25186377.51,541460027.13,75,50,50,96.67,10.0,64.25,Neutral,High Risk,60.5,Neutral,3.82,2.55,21.19,19.92,100
2023Q3,VNM,Vinamilk,HOSE,Consumer,Dairy,1,62.28,8.45,-4.13,7.99,2.23,20.21,18.77,3662307.68,227138309.85,50,50,50,76.67,96.67,61.67,Neutral,Low Risk,58.67,Neutral,3.82,2.55,5.9,4.63,80
2023Q3,HPG,Hoa Phat Group,HOSE,Steel,Steel,1,17.79,0.4,-2.57,0.57,26.44,35.8,28.85,27213226.65,506434200.83,60,50,50,93.33,40.0,57.0,Neutral,Medium Risk,58.5,Neutral,3.82,2.55,-2.15,-3.42,40
2023Q3,MWG,Mobile World,HOSE,Retail,Consumer Retail,1,51.44,23.48,-0.58,22.62,37.58,42.95,35.9,6986007.57,356169722.79,60,50,50,90.0,26.67,61.17,Neutral,High Risk,56.67,Neutral,3.82,2.55,20.93,19.66,100
2023Q3,STB,Sacombank,HOSE,Banking,Commercial Bank,1,30.65,3.2,-3.46,2.85,17.88,43.62,32.33,23885345.16,734398873.41,50,50,50,100.0,33.33,56.83,Neutral,High Risk,55.83,Neutral,3.82,2.55,0.65,-0.62,60
2023Q3,VJC,Vietjet Air,HOSE,Transportation,Airlines,1,76.38,5.19,1.84,5.29,-6.59,51.21,20.22,981562.33,74324362.91,65,50,50,36.67,83.33,56.08,Neutral,Low Risk,55.83,Neutral,3.82,2.55,2.64,1.37,60
2023Q3,VCB,Vietcombank,HOSE,Banking,Commercial Bank,1,58.11,3.34,-1.02,3.34,11.49,45.77,20.94,1250473.24,73995817.42,60,50,50,33.33,80.0,54.0,Neutral,Low Risk,53.5,Neutral,3.82,2.55,0.79,-0.48,60
2023Q3,CTG,VietinBank,HOSE,Banking,Commercial Bank,1,18.44,2.73,-3.86,1.82,3.6,36.68,28.11,6939728.78,132860120.08,50,50,50,63.33,43.33,52.33,Neutral,Medium Risk,51.33,Neutral,3.82,2.55,0.18,-1.09,60
2023Q3,ACB,ACB,HOSE,Banking,Commercial Bank,1,13.21,-0.9,-0.9,-0.9,6.28,39.86,18.66,8697272.27,118712542.14,35,50,50,53.33,100.0,50.75,Neutral,Low Risk,51.0,Neutral,3.82,2.55,-3.45,-4.72,40
2023Q3,TCB,Techcombank,HOSE,Banking,Commercial Bank,1,15.57,5.13,-0.7,4.01,21.45,42.38,25.12,5836274.17,90672568.37,50,50,50,40.0,63.33,50.83,Neutral,Medium Risk,49.83,Weak Signal,3.82,2.55,2.58,1.31,60
2023Q3,VCI,Vietcap Securities,HOSE,Securities,Brokerage,1,22.63,11.04,-8.93,12.7,30.43,35.35,44.95,5118655.59,122309649.37,60,50,50,56.67,6.67,52.17,Neutral,High Risk,49.67,Weak Signal,3.82,2.55,8.49,7.22,80
2023Q3,HCM,HSC Securities,HOSE,Securities,Brokerage,1,15.44,8.35,-0.13,8.58,26.04,36.99,41.23,6633008.57,105345193.13,60,50,50,46.67,16.67,51.67,Neutral,High Risk,49.17,Weak Signal,3.82,2.55,5.8,4.53,80
2023Q3,PLX,Petrolimex,HOSE,Energy,Petroleum Distribution,1,34.92,1.36,0.29,2.17,3.41,38.1,26.54,1484134.02,54254515.49,60,50,50,23.33,50.0,47.5,Weak Signal,Medium Risk,49.0,Weak Signal,3.82,2.55,-1.19,-2.46,40
2023Q3,TPB,TPBank,HOSE,Banking,Commercial Bank,1,12.85,-1.68,-6.07,-0.85,12.23,35.94,23.63,7883700.0,106996368.17,35,50,50,50.0,66.67,46.92,Weak Signal,Medium Risk,47.17,Weak Signal,3.82,2.55,-4.23,-5.5,40
2023Q3,GVR,Vietnam Rubber Group,HOSE,Materials,Rubber / Industrial Materials,1,18.71,-3.26,-5.6,0.48,32.6,37.81,41.64,3288045.97,67455142.05,60,50,50,30.0,13.33,42.83,Weak Signal,High Risk,46.33,Weak Signal,3.82,2.55,-5.81,-7.08,20
2023Q3,KDH,Khang Dien House,HOSE,Real Estate,Residential Real Estate,1,24.53,7.4,-8.02,6.01,20.9,37.5,36.23,1912901.6,49205918.44,50,50,50,20.0,23.33,43.83,Weak Signal,High Risk,42.83,Weak Signal,3.82,2.55,4.85,3.58,60
2023Q3,MSN,Masan Group,HOSE,Consumer,Consumer Goods,1,76.3,1.19,-4.63,1.46,-3.66,42.86,33.29,2000097.6,161922416.26,15,50,50,70.0,30.0,41.25,Weak Signal,High Risk,40.5,Weak Signal,3.82,2.55,-1.36,-2.63,40
2023Q3,PNJ,Phu Nhuan Jewelry,HOSE,Retail,Jewelry Retail,1,49.33,6.48,-2.01,5.05,2.26,26.3,23.21,917080.98,45579896.03,30,50,50,13.33,70.0,42.5,Weak Signal,Medium Risk,40.5,Weak Signal,3.82,2.55,3.93,2.66,60
2023Q3,VHM,Vinhomes,HOSE,Real Estate,Residential Real Estate,1,43.82,-18.6,-16.66,-17.26,-8.17,30.2,38.81,5130014.94,271777439.2,10,50,50,80.0,20.0,38.5,Weak Signal,High Risk,39.5,Weak Signal,3.82,2.55,-21.15,-22.42,20
2023Q3,VIC,Vingroup,HOSE,Real Estate,Conglomerate / Real Estate,1,23.42,-8.34,-26.12,-8.16,-12.77,22.56,49.4,11658529.41,350945769.39,10,50,50,86.67,3.33,37.83,Weak Signal,High Risk,38.83,Weak Signal,3.82,2.55,-10.89,-12.16,20
2023Q3,VRE,Vincom Retail,HOSE,Real Estate,Retail Real Estate,1,25.21,-3.34,-10.76,-2.59,-12.71,31.94,31.91,6345489.54,177381441.21,0,50,50,73.33,36.67,36.67,Weak Signal,High Risk,37.17,Weak Signal,3.82,2.55,-5.89,-7.16,20
2023Q3,BID,BIDV,HOSE,Banking,Commercial Bank,1,32.17,-0.31,-3.16,2.32,-4.0,32.19,25.87,1650213.75,55803193.7,15,50,50,26.67,56.67,37.42,Weak Signal,Medium Risk,36.67,Weak Signal,3.82,2.55,-2.86,-4.13,40
2023Q3,POW,PV Power,HOSE,Utilities,Power Generation,1,9.59,-12.74,-7.88,-13.45,-12.1,25.93,25.62,9363660.56,102175147.95,0,50,50,43.33,60.0,34.5,Risk Alert,Medium Risk,35.0,Weak Signal,3.82,2.55,-15.29,-16.56,20
2023Q3,SAB,Sabeco,HOSE,Consumer,Beverage,1,59.62,-5.66,-8.29,-5.6,-20.89,21.08,21.84,301288.59,19597314.35,10,50,50,6.67,76.67,33.17,Risk Alert,Medium Risk,34.17,Risk Alert,3.82,2.55,-8.21,-9.48,20
2023Q3,BCM,Becamex IDC,HOSE,Industrial Parks,Industrial Real Estate,1,66.39,-14.08,-2.51,-12.24,-15.55,45.17,26.46,276360.94,19560353.62,10,50,50,3.33,53.33,30.33,Risk Alert,Medium Risk,31.33,Risk Alert,3.82,2.55,-16.63,-17.9,20
2023Q4,HPG,Hoa Phat Group,HOSE,Steel,Steel,1,18.9,6.66,5.23,12.7,6.48,56.25,31.12,23221083.91,413281771.48,100,50,50,93.33,40.0,71.0,Positive Signal,Medium Risk,70.5,Positive Signal,-3.06,-2.19,8.85,9.72,80
2023Q4,FPT,FPT Corporation,HOSE,Technology,IT Services,1,69.37,3.11,4.57,4.22,30.0,54.59,26.11,2298131.23,153643900.82,90,50,50,80.0,63.33,68.83,Positive Signal,Medium Risk,67.83,Positive Signal,-3.06,-2.19,5.3,6.17,80
2023Q4,CTG,VietinBank,HOSE,Banking,Commercial Bank,1,18.59,1.14,3.05,4.09,2.82,54.86,19.46,3089692.2,55673690.81,100,50,50,36.67,93.33,65.83,Positive Signal,Low Risk,67.33,Positive Signal,-3.06,-2.19,3.33,4.2,60
2023Q4,SSI,SSI Securities,HOSE,Securities,Brokerage,1,22.75,2.2,4.79,8.64,23.78,51.85,46.14,22677089.06,493027219.46,90,50,50,100.0,10.0,64.5,Neutral,High Risk,65.5,Positive Signal,-3.06,-2.19,4.39,5.26,60
2023Q4,ACB,ACB,HOSE,Banking,Commercial Bank,1,14.45,9.14,8.89,10.64,8.65,83.58,19.84,5950153.22,81115121.14,85,50,50,50.0,90.0,67.75,Positive Signal,Low Risk,64.5,Neutral,-3.06,-2.19,11.33,12.2,100
2023Q4,VJC,Vietjet Air,HOSE,Transportation,Airlines,1,83.07,9.63,5.88,10.32,14.77,69.01,30.55,939020.37,75395200.74,100,50,50,46.67,43.33,66.33,Positive Signal,Medium Risk,63.83,Neutral,-3.06,-2.19,11.82,12.69,100
2023Q4,HCM,HSC Securities,HOSE,Securities,Brokerage,1,17.28,9.99,16.91,17.95,14.74,67.18,48.22,6133700.97,93514555.04,100,50,50,63.33,6.67,65.17,Positive Signal,High Risk,62.67,Neutral,-3.06,-2.19,12.18,13.05,100
2023Q4,MBB,Military Bank,HOSE,Banking,Commercial Bank,1,11.91,0.25,4.75,3.3,5.4,73.53,19.0,7440236.52,85816822.46,75,50,50,53.33,96.67,62.42,Neutral,Low Risk,62.67,Neutral,-3.06,-2.19,2.44,3.31,60
2023Q4,VCI,Vietcap Securities,HOSE,Securities,Brokerage,1,23.45,2.27,2.99,9.89,7.52,53.36,53.59,6440510.63,141171634.08,90,50,50,76.67,3.33,60.33,Neutral,High Risk,61.33,Neutral,-3.06,-2.19,4.46,5.33,60
2023Q4,HDB,HDBank,HOSE,Banking,Commercial Bank,1,12.53,18.77,12.78,18.77,25.8,74.49,23.53,8010875.97,89996350.67,75,50,50,56.67,76.67,64.92,Neutral,Medium Risk,61.17,Neutral,-3.06,-2.19,20.96,21.83,100
2023Q4,KDH,Khang Dien House,HOSE,Real Estate,Residential Real Estate,1,25.95,6.27,0.62,9.4,13.62,50.0,33.96,1472941.69,37506184.46,100,50,50,20.0,36.67,59.67,Neutral,Medium Risk,59.17,Neutral,-3.06,-2.19,8.46,9.33,80
2023Q4,PNJ,Phu Nhuan Jewelry,HOSE,Retail,Jewelry Retail,1,54.41,10.14,6.83,12.14,17.44,78.84,20.3,659294.78,33371711.39,85,50,50,16.67,86.67,62.42,Neutral,Low Risk,59.17,Neutral,-3.06,-2.19,12.33,13.2,100
2023Q4,BID,BIDV,HOSE,Banking,Commercial Bank,1,35.47,11.26,11.72,17.68,11.16,70.74,24.4,937211.51,29844194.43,85,50,50,10.0,70.0,59.75,Neutral,Medium Risk,56.5,Neutral,-3.06,-2.19,13.45,14.32,100
2023Q4,GVR,Vietnam Rubber Group,HOSE,Materials,Rubber / Industrial Materials,1,20.71,5.77,5.99,13.6,6.31,64.36,41.42,2302779.43,44416626.63,90,50,50,26.67,16.67,56.17,Neutral,High Risk,55.17,Neutral,-3.06,-2.19,7.96,8.83,80
2023Q4,VIC,Vingroup,HOSE,Real Estate,Conglomerate / Real Estate,1,22.3,-4.9,6.8,0.22,-13.06,60.0,29.93,4743134.15,103200863.39,55,50,50,66.67,50.0,52.75,Neutral,Medium Risk,54.0,Neutral,-3.06,-2.19,-2.71,-1.84,40
2023Q4,VHM,Vinhomes,HOSE,Real Estate,Residential Real Estate,1,41.6,-5.58,4.6,-1.93,-23.54,67.49,35.78,6442463.86,255973670.39,50,50,50,86.67,26.67,52.17,Neutral,High Risk,53.17,Neutral,-3.06,-2.19,-3.39,-2.52,40
2023Q4,TPB,TPBank,HOSE,Banking,Commercial Bank,1,12.53,-0.56,2.37,4.24,-4.13,51.96,24.67,4961243.49,60610961.43,55,50,50,40.0,66.67,52.42,Neutral,Medium Risk,51.67,Neutral,-3.06,-2.19,1.63,2.5,60
2023Q4,TCB,Techcombank,HOSE,Banking,Commercial Bank,1,14.71,-4.11,7.77,-2.19,-0.68,61.58,27.57,3239791.29,46038163.42,60,50,50,33.33,56.67,49.67,Weak Signal,Medium Risk,51.17,Neutral,-3.06,-2.19,-1.92,-1.05,40
2023Q4,MWG,Mobile World,HOSE,Retail,Consumer Retail,1,41.86,-17.53,11.18,-12.65,-0.1,52.06,44.75,9002969.95,366511234.44,40,50,50,90.0,13.33,46.83,Weak Signal,High Risk,49.33,Weak Signal,-3.06,-2.19,-15.34,-14.47,20
2023Q4,VPB,VPBank,HOSE,Banking,Commercial Bank,1,17.44,-7.58,0.52,-4.07,1.51,45.87,26.84,11077221.17,198722528.3,25,50,50,83.33,60.0,46.75,Weak Signal,Medium Risk,48.5,Weak Signal,-3.06,-2.19,-5.39,-4.52,20
2023Q4,STB,Sacombank,HOSE,Banking,Commercial Bank,1,27.95,-9.4,1.64,-4.28,-6.37,51.14,34.02,16276967.48,467237288.98,25,50,50,96.67,33.33,46.08,Weak Signal,Medium Risk,47.83,Weak Signal,-3.06,-2.19,-7.21,-6.34,20
2023Q4,VNM,Vinamilk,HOSE,Consumer,Dairy,1,57.16,-9.91,1.04,-7.97,-0.33,37.07,20.83,2302903.63,134788053.57,20,50,50,73.33,83.33,46.33,Weak Signal,Low Risk,47.83,Weak Signal,-3.06,-2.19,-7.72,-6.85,20
2023Q4,MSN,Masan Group,HOSE,Consumer,Consumer Goods,1,67.0,-13.44,10.74,-9.46,-11.38,47.97,39.07,2005448.63,130455453.76,35,50,50,70.0,20.0,43.25,Weak Signal,High Risk,45.5,Weak Signal,-3.06,-2.19,-11.25,-10.38,20
2023Q4,VCB,Vietcombank,HOSE,Banking,Commercial Bank,1,53.33,-7.16,-5.19,-6.94,-5.16,29.15,17.67,1096279.62,61883857.75,10,50,50,43.33,100.0,43.0,Weak Signal,Low Risk,42.0,Weak Signal,-3.06,-2.19,-4.97,-4.1,40
2023Q4,POW,PV Power,HOSE,Utilities,Power Generation,1,9.3,-4.22,0.0,0.43,-16.06,33.33,21.65,4884094.25,45851848.25,15,50,50,30.0,80.0,40.25,Weak Signal,Low Risk,39.5,Weak Signal,-3.06,-2.19,-2.03,-1.16,40
2023Q4,BCM,Becamex IDC,HOSE,Industrial Parks,Industrial Real Estate,1,60.9,-8.13,8.07,-6.92,-21.09,33.33,27.61,327257.91,19604848.69,35,50,50,3.33,53.33,36.58,Weak Signal,Medium Risk,38.83,Weak Signal,-3.06,-2.19,-5.94,-5.07,20
2023Q4,VRE,Vincom Retail,HOSE,Real Estate,Retail Real Estate,1,22.5,-13.23,5.44,-11.42,-14.35,43.36,35.45,3974455.55,91461672.71,10,50,50,60.0,30.0,36.5,Weak Signal,High Risk,37.5,Weak Signal,-3.06,-2.19,-11.04,-10.17,20
2023Q4,GAS,PV Gas,HOSE,Energy,Gas,1,64.67,-15.45,-1.31,-12.51,-1.28,29.45,23.88,601333.55,40876339.24,10,50,50,23.33,73.33,35.33,Weak Signal,Medium Risk,36.33,Weak Signal,-3.06,-2.19,-13.26,-12.39,20
2023Q4,PLX,Petrolimex,HOSE,Energy,Petroleum Distribution,1,32.13,-7.99,-1.71,-4.15,-11.9,35.42,30.12,838359.11,27130135.98,15,50,50,6.67,46.67,31.42,Risk Alert,Medium Risk,32.67,Risk Alert,-3.06,-2.19,-5.8,-4.93,20
2023Q4,SAB,Sabeco,HOSE,Consumer,Beverage,1,51.81,-13.69,-3.09,-10.38,-17.97,34.49,35.78,586190.35,30988326.74,0,50,50,13.33,23.33,26.33,Risk Alert,High Risk,26.83,Risk Alert,-3.06,-2.19,-11.5,-10.63,20
2024Q1,SSI,SSI Securities,HOSE,Securities,Brokerage,1,26.7,18.46,4.05,18.3,16.64,63.87,20.87,24067727.25,595348321.49,100,50,50,96.67,73.33,72.83,Positive Signal,Medium Risk,74.33,Positive Signal,14.6,13.46,5.0,3.86,60
2024Q1,HPG,Hoa Phat Group,HOSE,Steel,Steel,1,20.46,10.24,-2.43,10.24,14.17,54.29,19.6,26197386.0,517741456.67,90,50,50,93.33,80.0,68.5,Positive Signal,Medium Risk,71.5,Positive Signal,14.6,13.46,-3.22,-4.36,40
2024Q1,STB,Sacombank,HOSE,Banking,Commercial Bank,1,31.6,13.87,0.16,14.91,-0.63,63.21,20.27,20586076.66,628986866.92,85,50,50,100.0,76.67,69.92,Positive Signal,Medium Risk,70.67,Positive Signal,14.6,13.46,0.41,-0.73,60
2024Q1,FPT,FPT Corporation,HOSE,Technology,IT Services,1,84.1,21.48,6.88,21.36,23.55,64.72,21.13,2543445.17,195957846.04,100,50,50,63.33,66.67,69.17,Positive Signal,Medium Risk,68.67,Positive Signal,14.6,13.46,8.02,6.88,80
2024Q1,MBB,Military Bank,HOSE,Banking,Commercial Bank,1,16.22,34.72,5.19,38.04,37.34,72.94,25.63,22918061.32,336288827.01,85,50,50,86.67,36.67,67.92,Positive Signal,Medium Risk,64.67,Neutral,14.6,13.46,21.26,20.12,100
2024Q1,ACB,ACB,HOSE,Banking,Commercial Bank,1,17.23,16.58,1.77,22.03,29.55,68.04,22.74,11883630.1,192352778.85,90,50,50,60.0,60.0,63.5,Neutral,Medium Risk,64.5,Neutral,14.6,13.46,3.12,1.98,60
2024Q1,VPB,VPBank,HOSE,Banking,Commercial Bank,1,17.94,4.79,-0.72,6.79,-1.32,69.96,21.04,14433810.97,253636324.42,75,50,50,76.67,70.0,59.25,Neutral,Medium Risk,63.5,Neutral,14.6,13.46,-8.67,-9.81,20
2024Q1,PNJ,Phu Nhuan Jewelry,HOSE,Retail,Jewelry Retail,1,62.95,15.7,10.05,17.75,27.12,51.66,22.72,1436436.73,84886850.41,100,50,50,30.0,63.33,61.83,Neutral,Medium Risk,63.33,Neutral,14.6,13.46,2.24,1.1,60
2024Q1,VCI,Vietcap Securities,HOSE,Securities,Brokerage,1,29.52,27.19,17.99,30.45,25.14,68.17,28.47,6882391.95,177353354.9,100,50,50,56.67,23.33,65.83,Positive Signal,High Risk,63.33,Neutral,14.6,13.46,13.73,12.59,100
2024Q1,HCM,HSC Securities,HOSE,Securities,Brokerage,1,21.46,19.42,5.56,29.51,34.8,61.07,28.87,8725988.66,172550828.09,100,50,50,53.33,20.0,63.0,Neutral,High Risk,62.5,Neutral,14.6,13.46,5.96,4.82,80
2024Q1,MWG,Mobile World,HOSE,Retail,Consumer Retail,1,49.98,20.38,10.62,19.83,-1.73,68.67,30.49,10389522.29,471681507.13,85,50,50,90.0,10.0,63.75,Neutral,High Risk,62.5,Neutral,14.6,13.46,6.92,5.78,80
2024Q1,KDH,Khang Dien House,HOSE,Real Estate,Residential Real Estate,1,31.24,22.51,9.08,24.76,28.35,62.02,25.62,3093197.37,88206688.49,100,50,50,33.33,40.0,62.0,Neutral,Medium Risk,61.5,Neutral,14.6,13.46,9.05,7.91,80
2024Q1,PLX,Petrolimex,HOSE,Energy,Petroleum Distribution,1,34.73,7.96,4.04,7.62,2.03,59.37,19.44,1037651.9,35085958.0,100,50,50,3.33,83.33,55.83,Neutral,Medium Risk,61.33,Neutral,14.6,13.46,-5.5,-6.64,20
2024Q1,VCB,Vietcombank,HOSE,Banking,Commercial Bank,1,63.02,13.65,-2.48,16.02,8.08,53.32,22.9,1501291.02,91930641.33,90,50,50,40.0,56.67,60.17,Neutral,Medium Risk,61.17,Neutral,14.6,13.46,0.19,-0.95,60
2024Q1,HDB,HDBank,HOSE,Banking,Commercial Bank,1,14.87,21.09,3.41,25.8,38.45,61.69,22.97,6646183.92,91511546.92,90,50,50,36.67,53.33,61.33,Neutral,Medium Risk,60.33,Neutral,14.6,13.46,7.63,6.49,80
2024Q1,GAS,PV Gas,HOSE,Energy,Gas,1,68.7,6.08,3.62,4.84,-9.78,62.26,17.16,1091709.27,73171880.17,85,50,50,20.0,90.0,55.25,Neutral,Low Risk,60.0,Neutral,14.6,13.46,-7.38,-8.52,20
2024Q1,GVR,Vietnam Rubber Group,HOSE,Materials,Rubber / Industrial Materials,1,32.38,58.26,15.89,64.12,69.97,64.86,41.61,4111334.05,111784292.94,100,50,50,43.33,3.33,61.83,Neutral,High Risk,59.33,Neutral,14.6,13.46,44.8,43.66,100
2024Q1,CTG,VietinBank,HOSE,Banking,Commercial Bank,1,24.38,30.65,0.0,32.14,28.11,58.63,28.17,9476550.68,218471092.67,80,50,50,66.67,26.67,62.67,Neutral,Medium Risk,59.17,Neutral,14.6,13.46,17.19,16.05,100
2024Q1,TPB,TPBank,HOSE,Banking,Commercial Bank,1,13.75,10.44,-3.78,12.06,7.34,62.01,25.26,12749945.53,172336783.25,80,50,50,50.0,43.33,55.83,Neutral,Medium Risk,58.33,Neutral,14.6,13.46,-3.02,-4.16,40
2024Q1,MSN,Masan Group,HOSE,Consumer,Consumer Goods,1,74.2,8.48,5.4,11.75,-2.37,40.0,29.52,4091492.86,298125007.69,70,50,50,80.0,16.67,55.17,Neutral,High Risk,57.17,Neutral,14.6,13.46,-4.98,-6.12,40
2024Q1,TCB,Techcombank,HOSE,Banking,Commercial Bank,1,22.0,48.15,12.7,53.63,45.89,76.91,30.05,8330510.88,153385664.61,85,50,50,46.67,13.33,59.58,Neutral,High Risk,56.33,Neutral,14.6,13.46,34.69,33.55,100
2024Q1,VHM,Vinhomes,HOSE,Real Estate,Residential Real Estate,1,41.26,-0.36,-1.27,3.98,-5.0,52.98,25.16,7436003.24,308349914.01,55,50,50,83.33,46.67,52.92,Neutral,Medium Risk,56.17,Neutral,14.6,13.46,-13.82,-14.96,20
2024Q1,BID,BIDV,HOSE,Banking,Commercial Bank,1,42.58,21.17,-1.71,20.59,32.24,58.89,27.73,1912224.73,78082004.8,80,50,50,23.33,30.0,54.5,Neutral,Medium Risk,53.0,Neutral,14.6,13.46,7.71,6.57,80
2024Q1,VRE,Vincom Retail,HOSE,Real Estate,Retail Real Estate,1,24.97,11.92,-2.42,10.49,-0.95,59.21,36.98,10239874.42,249214606.12,55,50,50,73.33,6.67,49.42,Weak Signal,High Risk,50.67,Neutral,14.6,13.46,-1.54,-2.68,40
2024Q1,VNM,Vinamilk,HOSE,Consumer,Dairy,1,57.9,0.26,-4.89,1.6,-9.94,33.33,15.34,3762306.54,221476398.66,25,50,50,70.0,96.67,48.42,Weak Signal,Low Risk,50.17,Neutral,14.6,13.46,-13.2,-14.34,20
2024Q1,VIC,Vingroup,HOSE,Real Estate,Conglomerate / Real Estate,1,23.82,8.27,5.87,9.77,5.4,71.03,25.86,3622308.63,82166924.61,65,50,50,26.67,33.33,45.58,Weak Signal,Medium Risk,49.33,Weak Signal,14.6,13.46,-5.19,-6.33,20
2024Q1,VJC,Vietjet Air,HOSE,Transportation,Airlines,1,79.23,-3.73,-0.09,-4.45,3.31,50.0,9.88,655062.86,52555060.94,50,50,50,10.0,100.0,46.0,Weak Signal,Low Risk,49.0,Weak Signal,14.6,13.46,-17.19,-18.33,20
2024Q1,BCM,Becamex IDC,HOSE,Industrial Parks,Industrial Real Estate,1,62.84,4.86,2.53,4.86,-0.62,38.28,24.06,887416.32,55664665.36,50,50,50,13.33,50.0,41.5,Weak Signal,Medium Risk,44.5,Weak Signal,14.6,13.46,-8.6,-9.74,20
2024Q1,POW,PV Power,HOSE,Utilities,Power Generation,1,9.42,1.29,-2.18,0.86,-2.99,39.76,16.52,5959700.49,56953244.76,25,50,50,16.67,93.33,40.08,Weak Signal,Low Risk,41.83,Weak Signal,14.6,13.46,-12.17,-13.31,20
2024Q1,SAB,Sabeco,HOSE,Consumer,Beverage,1,47.76,-8.54,-3.06,-6.33,-21.63,28.32,18.87,1060188.49,52469842.61,10,50,50,6.67,86.67,34.17,Risk Alert,Medium Risk,35.17,Weak Signal,14.6,13.46,-22.0,-23.14,20
2024Q2,FPT,FPT Corporation,HOSE,Technology,IT Services,1,109.09,29.38,11.93,31.18,58.91,59.34,29.66,4927490.07,490096289.29,100,50,50,96.67,40.0,73.5,Positive Signal,Medium Risk,71.0,Positive Signal,-1.11,-2.82,32.2,30.49,100
2024Q2,VPB,VPBank,HOSE,Banking,Commercial Bank,1,17.84,-0.06,3.9,0.22,7.92,56.36,27.41,19967755.26,354414431.6,100,50,50,80.0,56.67,68.67,Positive Signal,Medium Risk,70.17,Positive Signal,-1.11,-2.82,2.76,1.05,60
2024Q2,HPG,Hoa Phat Group,HOSE,Steel,Steel,1,21.05,3.39,0.14,1.74,14.4,33.77,23.48,22861718.93,477173252.26,75,50,50,93.33,83.33,69.08,Positive Signal,Medium Risk,67.33,Positive Signal,-1.11,-2.82,6.21,4.5,80
2024Q2,MWG,Mobile World,HOSE,Retail,Consumer Retail,1,61.51,22.36,0.15,24.04,47.47,49.45,29.71,10349780.03,579386500.03,75,50,50,100.0,33.33,67.08,Positive Signal,Medium Risk,63.33,Neutral,-1.11,-2.82,25.18,23.47,100
2024Q2,POW,PV Power,HOSE,Utilities,Power Generation,1,12.31,31.24,16.35,30.13,31.8,64.67,35.59,12554073.85,134519874.63,100,50,50,43.33,16.67,63.17,Neutral,High Risk,60.67,Neutral,-1.11,-2.82,34.06,32.35,100
2024Q2,MSN,Masan Group,HOSE,Consumer,Consumer Goods,1,74.7,1.77,-3.24,-0.93,17.27,39.29,29.67,5607343.56,411949129.29,60,50,50,86.67,36.67,57.67,Neutral,Medium Risk,57.17,Neutral,-1.11,-2.82,4.59,2.88,60
2024Q2,TCB,Techcombank,HOSE,Banking,Commercial Bank,1,22.28,1.5,-0.22,5.74,57.12,32.79,28.2,10855783.38,242463169.4,60,50,50,70.0,53.33,56.83,Neutral,Medium Risk,56.33,Neutral,-1.11,-2.82,4.32,2.61,60
2024Q2,ACB,ACB,HOSE,Banking,Commercial Bank,1,17.13,-0.41,-3.66,1.18,21.83,38.12,18.25,9475289.97,162195127.78,50,50,50,56.67,90.0,56.0,Neutral,Low Risk,55.0,Neutral,-1.11,-2.82,2.41,0.7,60
2024Q2,KDH,Khang Dien House,HOSE,Real Estate,Residential Real Estate,1,30.5,-2.9,2.38,-3.91,22.79,46.5,27.21,3313052.39,99804358.18,70,50,50,33.33,60.0,52.5,Neutral,Medium Risk,54.5,Neutral,-1.11,-2.82,-0.08,-1.79,40
2024Q2,MBB,Military Bank,HOSE,Banking,Commercial Bank,1,14.49,-8.87,1.61,-10.33,25.02,42.16,25.55,18504247.72,274902830.54,45,50,50,73.33,70.0,51.25,Neutral,Medium Risk,54.0,Neutral,-1.11,-2.82,-6.05,-7.76,20
2024Q2,PNJ,Phu Nhuan Jewelry,HOSE,Retail,Jewelry Retail,1,60.78,-3.45,2.79,-2.06,14.51,54.91,24.57,1387015.44,85042891.89,60,50,50,26.67,76.67,50.67,Neutral,Medium Risk,52.17,Neutral,-1.11,-2.82,-0.63,-2.34,40
2024Q2,PLX,Petrolimex,HOSE,Energy,Petroleum Distribution,1,39.57,13.48,-1.1,11.81,24.98,45.63,29.78,1749327.62,67217997.05,75,50,50,13.33,30.0,53.75,Neutral,Medium Risk,50.0,Neutral,-1.11,-2.82,16.3,14.59,100
2024Q2,GVR,Vietnam Rubber Group,HOSE,Materials,Rubber / Industrial Materials,1,33.41,3.79,-5.0,2.39,71.86,41.73,46.08,4797382.74,154941242.37,65,50,50,50.0,3.33,52.08,Neutral,High Risk,49.83,Weak Signal,-1.11,-2.82,6.61,4.9,80
2024Q2,BCM,Becamex IDC,HOSE,Industrial Parks,Industrial Real Estate,1,61.77,-0.79,4.59,-2.15,3.23,51.66,39.44,842536.07,49934034.27,85,50,50,3.33,6.67,48.42,Weak Signal,High Risk,49.17,Weak Signal,-1.11,-2.82,2.03,0.32,60
2024Q2,STB,Sacombank,HOSE,Banking,Commercial Bank,1,28.8,-8.28,3.41,-6.8,8.27,23.86,29.92,16228270.05,475257024.6,25,50,50,90.0,26.67,44.42,Weak Signal,Medium Risk,46.17,Weak Signal,-1.11,-2.82,-5.46,-7.17,20
2024Q2,HDB,HDBank,HOSE,Banking,Commercial Bank,1,14.2,-4.12,-0.42,-4.7,22.73,37.78,25.78,7347335.95,106953487.53,35,50,50,36.67,66.67,44.92,Weak Signal,Medium Risk,45.17,Weak Signal,-1.11,-2.82,-1.3,-3.01,40
2024Q2,HCM,HSC Securities,HOSE,Securities,Brokerage,1,19.06,-11.92,-9.5,-9.63,15.38,24.3,38.02,7832688.33,161962922.96,45,50,50,53.33,10.0,42.25,Weak Signal,High Risk,45.0,Weak Signal,-1.11,-2.82,-9.1,-10.81,20
2024Q2,CTG,VietinBank,HOSE,Banking,Commercial Bank,1,21.26,-11.45,-2.52,-12.69,16.75,20.14,31.27,9301482.36,210210597.48,35,50,50,63.33,23.33,42.58,Weak Signal,Medium Risk,44.83,Weak Signal,-1.11,-2.82,-8.63,-10.34,20
2024Q2,VNM,Vinamilk,HOSE,Consumer,Dairy,1,56.1,-2.25,-0.3,-3.26,-1.42,31.84,17.5,3850697.84,218823929.37,10,50,50,66.67,93.33,47.83,Weak Signal,Low Risk,44.83,Weak Signal,-1.11,-2.82,0.57,-1.14,60
2024Q2,SSI,SSI Securities,HOSE,Securities,Brokerage,1,23.54,-12.52,-2.61,-11.84,5.42,34.19,28.27,16049404.28,399500161.59,15,50,50,83.33,50.0,43.25,Weak Signal,Medium Risk,44.5,Weak Signal,-1.11,-2.82,-9.7,-11.41,20
2024Q2,VCB,Vietcombank,HOSE,Banking,Commercial Bank,1,56.58,-10.5,-3.84,-11.07,5.32,25.78,12.91,1521988.93,90687156.55,25,50,50,30.0,100.0,42.75,Weak Signal,Low Risk,44.5,Weak Signal,-1.11,-2.82,-7.68,-9.39,20
2024Q2,VHM,Vinhomes,HOSE,Real Estate,Residential Real Estate,1,36.26,-12.22,-3.46,-11.41,-6.33,30.26,17.05,8916562.98,350445762.9,0,50,50,76.67,96.67,43.17,Weak Signal,Low Risk,43.67,Weak Signal,-1.11,-2.82,-9.4,-11.11,20
2024Q2,SAB,Sabeco,HOSE,Consumer,Beverage,1,50.54,5.64,1.18,4.36,-0.88,9.4,28.96,1236673.43,62723351.23,50,50,50,10.0,43.33,46.33,Weak Signal,Medium Risk,43.33,Weak Signal,-1.11,-2.82,8.46,6.75,80
2024Q2,GAS,PV Gas,HOSE,Energy,Gas,1,65.61,-4.97,-5.56,-4.61,2.53,17.45,19.1,1242173.34,83702413.54,25,50,50,23.33,86.67,42.42,Weak Signal,Low Risk,42.17,Weak Signal,-1.11,-2.82,-2.15,-3.86,40
2024Q2,VCI,Vietcap Securities,HOSE,Securities,Brokerage,1,25.29,-14.01,-3.36,-12.7,11.36,38.97,37.07,5702210.69,152826671.01,35,50,50,46.67,13.33,39.08,Weak Signal,High Risk,41.33,Weak Signal,-1.11,-2.82,-11.19,-12.9,20
2024Q2,TPB,TPBank,HOSE,Banking,Commercial Bank,1,12.73,-5.7,-0.08,-7.89,4.6,39.29,28.49,8329206.44,109009132.19,25,50,50,40.0,46.67,40.92,Weak Signal,Medium Risk,40.67,Weak Signal,-1.11,-2.82,-2.88,-4.59,40
2024Q2,BID,BIDV,HOSE,Banking,Commercial Bank,1,35.35,-16.98,-9.34,-17.62,3.48,19.42,25.32,1747020.56,69333274.52,25,50,50,16.67,73.33,38.08,Weak Signal,Medium Risk,39.83,Weak Signal,-1.11,-2.82,-14.16,-15.87,20
2024Q2,VRE,Vincom Retail,HOSE,Real Estate,Retail Real Estate,1,19.75,-20.43,-5.32,-21.19,-10.92,32.6,32.42,8153906.52,175750278.96,10,50,50,60.0,20.0,35.5,Weak Signal,Medium Risk,36.5,Weak Signal,-1.11,-2.82,-17.61,-19.32,20
2024Q2,VJC,Vietjet Air,HOSE,Transportation,Airlines,1,78.07,-1.18,-5.14,-1.46,-3.62,13.62,27.17,975516.77,80818848.26,0,50,50,20.0,63.33,35.33,Weak Signal,Medium Risk,31.83,Risk Alert,-1.11,-2.82,1.64,-0.07,60
2024Q2,VIC,Vingroup,HOSE,Real Estate,Conglomerate / Real Estate,1,20.6,-13.88,-4.54,-12.41,-4.63,19.23,23.5,2641204.34,59433410.3,0,50,50,6.67,80.0,31.0,Risk Alert,Medium Risk,31.5,Risk Alert,-1.11,-2.82,-11.06,-12.77,20
2024Q3,VPB,VPBank,HOSE,Banking,Commercial Bank,1,19.22,5.78,6.07,5.78,7.68,93.46,17.66,20499187.23,369906004.93,85,50,50,86.67,86.67,68.92,Positive Signal,Low Risk,69.67,Positive Signal,5.22,2.66,3.12,0.56,60
2024Q3,FPT,FPT Corporation,HOSE,Technology,IT Services,1,112.43,4.59,0.9,4.59,33.01,68.58,24.01,4705846.67,512946429.33,90,50,50,96.67,46.67,67.67,Positive Signal,Medium Risk,68.67,Positive Signal,5.22,2.66,1.93,-0.63,60
2024Q3,MWG,Mobile World,HOSE,Retail,Consumer Retail,1,67.13,3.48,-1.87,3.48,34.58,51.86,23.6,8153895.5,531285635.41,80,50,50,100.0,53.33,66.33,Positive Signal,Medium Risk,66.83,Positive Signal,5.22,2.66,0.82,-1.74,60
2024Q3,STB,Sacombank,HOSE,Banking,Commercial Bank,1,33.35,13.82,12.86,13.82,4.22,89.52,23.57,9663231.89,291645718.17,85,50,50,76.67,56.67,68.42,Positive Signal,Medium Risk,65.17,Positive Signal,5.22,2.66,11.16,8.6,100
2024Q3,TCB,Techcombank,HOSE,Banking,Commercial Bank,1,23.09,6.85,5.19,6.85,3.96,84.19,23.93,13719777.94,297531118.55,85,50,50,80.0,50.0,64.25,Neutral,Medium Risk,65.0,Positive Signal,5.22,2.66,4.19,1.63,60
2024Q3,CTG,VietinBank,HOSE,Banking,Commercial Bank,1,25.34,15.44,5.85,15.44,3.34,81.86,21.11,7891074.86,183308372.51,85,50,50,60.0,76.67,67.92,Positive Signal,Medium Risk,64.67,Neutral,5.22,2.66,12.78,10.22,100
2024Q3,ACB,ACB,HOSE,Banking,Commercial Bank,1,18.54,8.23,5.1,8.23,8.17,73.28,17.46,7914142.88,140182166.93,85,50,50,50.0,90.0,65.75,Positive Signal,Low Risk,64.5,Neutral,5.22,2.66,5.57,3.01,80
2024Q3,VHM,Vinhomes,HOSE,Real Estate,Residential Real Estate,1,41.22,13.52,4.65,13.52,-1.15,50.0,27.08,9831846.78,380648478.1,85,50,50,90.0,30.0,67.75,Positive Signal,Medium Risk,64.5,Neutral,5.22,2.66,10.86,8.3,100
2024Q3,HCM,HSC Securities,HOSE,Securities,Brokerage,1,23.51,21.5,5.1,21.5,7.55,68.69,33.57,8414807.47,179467699.16,100,50,50,56.67,16.67,65.17,Positive Signal,High Risk,62.67,Neutral,5.22,2.66,18.84,16.28,100
2024Q3,TPB,TPBank,HOSE,Banking,Commercial Bank,1,15.27,18.93,16.3,18.93,11.05,91.34,25.54,12188874.08,165687017.16,85,50,50,53.33,33.33,62.58,Neutral,Medium Risk,59.33,Neutral,5.22,2.66,16.27,13.71,100
2024Q3,KDH,Khang Dien House,HOSE,Real Estate,Residential Real Estate,1,32.15,5.13,3.88,5.13,2.65,71.57,20.57,2789839.84,86505748.05,85,50,50,20.0,80.0,58.25,Neutral,Medium Risk,59.0,Neutral,5.22,2.66,2.47,-0.09,60
2024Q3,MBB,Military Bank,HOSE,Banking,Commercial Bank,1,16.77,14.47,4.23,14.47,3.01,92.62,24.62,16423979.83,260061067.79,75,50,50,66.67,40.0,62.75,Neutral,Medium Risk,59.0,Neutral,5.22,2.66,11.81,9.25,100
2024Q3,VNM,Vinamilk,HOSE,Consumer,Dairy,1,62.13,9.91,-1.85,9.91,7.14,36.64,22.48,4656346.23,285033729.92,65,50,50,70.0,63.33,61.08,Neutral,Medium Risk,58.83,Neutral,5.22,2.66,7.25,4.69,80
2024Q3,VCB,Vietcombank,HOSE,Banking,Commercial Bank,1,61.1,6.86,0.99,6.86,-3.86,65.77,15.57,1529187.31,90759150.76,75,50,50,26.67,96.67,58.42,Neutral,Low Risk,58.67,Neutral,5.22,2.66,4.2,1.64,60
2024Q3,VJC,Vietjet Air,HOSE,Transportation,Airlines,1,80.77,4.27,1.16,4.27,1.75,58.12,15.46,747791.47,59761032.61,80,50,50,13.33,100.0,58.0,Neutral,Low Risk,58.5,Neutral,5.22,2.66,1.61,-0.95,60
2024Q3,SSI,SSI Securities,HOSE,Securities,Brokerage,1,24.78,5.4,4.96,5.4,-8.73,89.42,29.44,12467617.5,286195444.82,70,50,50,73.33,23.33,56.83,Neutral,High Risk,56.83,Neutral,5.22,2.66,2.74,0.18,60
2024Q3,BID,BIDV,HOSE,Banking,Commercial Bank,1,40.62,13.21,0.2,13.21,-5.51,62.76,22.08,2418070.23,95038788.3,75,50,50,33.33,66.67,60.42,Neutral,Medium Risk,56.67,Neutral,5.22,2.66,10.55,7.99,100
2024Q3,MSN,Masan Group,HOSE,Consumer,Consumer Goods,1,75.7,-0.39,-1.82,-0.39,-0.39,53.73,22.55,4578787.11,343024059.55,50,50,50,83.33,60.0,55.0,Neutral,Medium Risk,56.0,Neutral,5.22,2.66,-3.05,-5.61,40
2024Q3,HDB,HDBank,HOSE,Banking,Commercial Bank,1,18.12,27.07,4.26,27.07,21.04,83.52,24.71,7540571.47,124557659.12,75,50,50,46.67,36.67,59.42,Neutral,Medium Risk,55.67,Neutral,5.22,2.66,24.41,21.85,100
2024Q3,VCI,Vietcap Securities,HOSE,Securities,Brokerage,1,26.41,2.09,0.04,2.09,-10.35,69.25,33.6,4621410.0,116671276.45,85,50,50,43.33,10.0,52.75,Neutral,High Risk,55.5,Neutral,5.22,2.66,-0.57,-3.13,40
2024Q3,HPG,Hoa Phat Group,HOSE,Steel,Steel,1,19.6,-7.06,2.51,-7.06,-5.13,71.5,19.15,19858085.75,392366668.42,35,50,50,93.33,83.33,53.08,Neutral,Medium Risk,55.33,Neutral,5.22,2.66,-9.72,-12.28,20
2024Q3,GAS,PV Gas,HOSE,Energy,Gas,1,68.9,3.52,-4.01,3.52,0.17,25.99,17.35,1307501.06,90809437.43,50,50,50,30.0,93.33,52.33,Neutral,Low Risk,51.33,Neutral,5.22,2.66,0.86,-1.7,60
2024Q3,GVR,Vietnam Rubber Group,HOSE,Materials,Rubber / Industrial Materials,1,34.92,4.21,0.29,4.21,8.18,72.68,42.45,3252840.84,110524884.89,75,50,50,40.0,3.33,51.08,Neutral,High Risk,51.33,Neutral,5.22,2.66,1.55,-1.01,60
2024Q3,SAB,Sabeco,HOSE,Consumer,Beverage,1,50.33,-1.87,0.68,-1.87,4.46,72.75,21.63,785148.22,38331928.87,60,50,50,3.33,73.33,46.83,Weak Signal,Medium Risk,48.33,Weak Signal,5.22,2.66,-4.53,-7.09,40
2024Q3,PNJ,Phu Nhuan Jewelry,HOSE,Retail,Jewelry Retail,1,62.88,5.1,-2.77,5.1,1.13,47.69,24.44,1257037.36,79850059.34,50,50,50,16.67,43.33,45.33,Weak Signal,Medium Risk,44.33,Weak Signal,5.22,2.66,2.44,-0.12,60
2024Q3,BCM,Becamex IDC,HOSE,Industrial Parks,Industrial Real Estate,1,67.97,11.24,1.01,11.24,7.5,40.57,27.98,794160.25,53427161.4,60,50,50,6.67,26.67,46.67,Weak Signal,Medium Risk,44.17,Weak Signal,5.22,2.66,8.58,6.02,80
2024Q3,POW,PV Power,HOSE,Utilities,Power Generation,1,10.83,-9.98,-3.99,-9.98,14.48,52.6,36.26,9246259.98,105486841.17,50,50,50,36.67,6.67,40.67,Weak Signal,High Risk,43.67,Weak Signal,5.22,2.66,-12.64,-15.2,20
2024Q3,PLX,Petrolimex,HOSE,Energy,Petroleum Distribution,1,43.06,9.07,-9.92,9.07,23.13,32.71,33.58,1989541.39,90096873.93,50,50,50,23.33,13.33,45.33,Weak Signal,High Risk,42.33,Weak Signal,5.22,2.66,6.41,3.85,80
2024Q3,VIC,Vingroup,HOSE,Real Estate,Conglomerate / Real Estate,1,21.0,1.55,-5.41,1.55,-11.76,36.98,21.92,2619835.03,55581862.11,25,50,50,10.0,70.0,38.75,Weak Signal,Medium Risk,38.5,Weak Signal,5.22,2.66,-1.11,-3.67,40
2024Q3,VRE,Vincom Retail,HOSE,Real Estate,Retail Real Estate,1,18.45,-12.56,-2.02,-12.56,-25.51,48.54,31.85,10559177.03,198707331.91,15,50,50,63.33,20.0,37.25,Weak Signal,High Risk,38.5,Weak Signal,5.22,2.66,-15.22,-17.78,20
2024Q4,FPT,FPT Corporation,HOSE,Technology,IT Services,1,128.36,12.99,7.24,14.6,13.07,58.77,21.1,3801715.36,447185575.09,90,50,50,96.67,40.0,71.0,Positive Signal,Medium Risk,68.0,Positive Signal,-1.04,-1.97,14.96,14.03,100
2024Q4,TCB,Techcombank,HOSE,Banking,Commercial Bank,1,23.52,0.0,4.21,1.25,4.91,60.91,15.58,12211251.45,279356816.3,90,50,50,73.33,63.33,65.83,Positive Signal,Medium Risk,66.83,Positive Signal,-1.04,-1.97,1.97,1.04,60
2024Q4,CTG,VietinBank,HOSE,Banking,Commercial Bank,1,25.93,3.6,5.45,4.43,17.07,67.24,21.36,6041751.17,148782979.12,100,50,50,56.67,36.67,65.17,Positive Signal,Medium Risk,64.67,Neutral,-1.04,-1.97,5.57,4.64,80
2024Q4,ACB,ACB,HOSE,Banking,Commercial Bank,1,18.57,0.16,2.6,0.38,6.85,60.0,14.63,6784716.65,123740968.74,90,50,50,46.67,73.33,62.83,Neutral,Medium Risk,63.83,Neutral,-1.04,-1.97,2.13,1.2,60
2024Q4,HDB,HDBank,HOSE,Banking,Commercial Bank,1,19.66,9.28,20.47,10.64,29.77,67.55,26.16,8463491.23,147134090.28,100,50,50,53.33,13.33,64.33,Neutral,High Risk,61.83,Neutral,-1.04,-1.97,11.25,10.32,100
2024Q4,KDH,Khang Dien House,HOSE,Real Estate,Residential Real Estate,1,32.82,1.05,9.91,6.18,4.66,86.87,14.08,2475953.3,76516652.67,85,50,50,30.0,83.33,60.08,Neutral,Low Risk,60.83,Neutral,-1.04,-1.97,3.02,2.09,60
2024Q4,MBB,Military Bank,HOSE,Banking,Commercial Bank,1,16.38,-2.15,3.93,-1.56,10.08,64.77,16.3,9573401.26,154814213.21,75,50,50,63.33,60.0,58.25,Neutral,Medium Risk,60.5,Neutral,-1.04,-1.97,-0.18,-1.11,40
2024Q4,PNJ,Phu Nhuan Jewelry,HOSE,Retail,Jewelry Retail,1,63.21,0.93,4.15,0.72,4.65,63.6,14.12,743998.39,45579955.56,90,50,50,20.0,80.0,59.5,Neutral,Low Risk,60.5,Neutral,-1.04,-1.97,2.9,1.97,60
2024Q4,STB,Sacombank,HOSE,Banking,Commercial Bank,1,36.9,10.15,11.48,9.33,23.41,77.78,28.82,11875754.55,406496655.61,75,50,50,90.0,6.67,62.92,Neutral,High Risk,59.17,Neutral,-1.04,-1.97,12.12,11.19,100
2024Q4,HCM,HSC Securities,HOSE,Securities,Brokerage,1,22.33,-5.18,4.79,-3.12,11.65,50.0,26.52,7850788.45,174101672.58,85,50,50,66.67,10.0,56.25,Neutral,High Risk,59.0,Neutral,-1.04,-1.97,-3.21,-4.14,40
2024Q4,TPB,TPBank,HOSE,Banking,Commercial Bank,1,14.78,-2.64,3.43,-4.89,13.17,61.15,21.37,13999182.18,209902831.3,75,50,50,70.0,33.33,56.58,Neutral,Medium Risk,58.83,Neutral,-1.04,-1.97,-0.67,-1.6,40
2024Q4,SAB,Sabeco,HOSE,Consumer,Beverage,1,50.07,-0.52,2.31,1.23,-2.55,48.54,12.55,503431.74,24854301.35,70,50,50,6.67,90.0,53.5,Neutral,Low Risk,53.5,Neutral,-1.04,-1.97,1.45,0.52,60
2024Q4,VCB,Vietcombank,HOSE,Banking,Commercial Bank,1,60.56,-0.88,-3.2,-1.51,3.63,21.77,10.02,1425128.85,87382320.69,45,50,50,40.0,96.67,52.92,Neutral,Low Risk,51.67,Neutral,-1.04,-1.97,1.09,0.16,60
2024Q4,VPB,VPBank,HOSE,Banking,Commercial Bank,1,18.36,-3.52,0.0,-4.03,0.77,47.75,15.44,18359541.08,347168896.69,35,50,50,80.0,66.67,51.42,Neutral,Medium Risk,51.67,Neutral,-1.04,-1.97,-1.55,-2.48,40
2024Q4,BCM,Becamex IDC,HOSE,Industrial Parks,Industrial Real Estate,1,69.69,2.38,6.61,4.15,12.82,78.29,20.29,246349.18,16286832.44,75,50,50,3.33,43.33,49.58,Weak Signal,Medium Risk,49.83,Weak Signal,-1.04,-1.97,4.35,3.42,60
2024Q4,SSI,SSI Securities,HOSE,Securities,Brokerage,1,23.14,-6.32,6.54,-5.44,-3.02,48.35,22.67,12568025.58,290646825.95,35,50,50,76.67,26.67,46.92,Weak Signal,High Risk,47.17,Weak Signal,-1.04,-1.97,-4.35,-5.28,40
2024Q4,MWG,Mobile World,HOSE,Retail,Consumer Retail,1,60.13,-10.04,0.99,-8.0,-6.31,58.57,22.54,7083881.98,440686324.57,25,50,50,93.33,30.0,45.25,Weak Signal,High Risk,47.0,Weak Signal,-1.04,-1.97,-8.07,-9.0,20
2024Q4,HPG,Hoa Phat Group,HOSE,Steel,Steel,1,19.83,-0.35,-0.9,1.74,-7.12,33.6,18.71,18647764.79,372966083.05,15,50,50,86.67,46.67,47.42,Weak Signal,Medium Risk,44.67,Weak Signal,-1.04,-1.97,1.62,0.69,60
2024Q4,VHM,Vinhomes,HOSE,Real Estate,Residential Real Estate,1,38.52,-7.93,-1.83,-3.84,4.02,38.01,30.62,11803895.7,483072417.54,15,50,50,100.0,3.33,41.08,Weak Signal,High Risk,42.33,Weak Signal,-1.04,-1.97,-5.96,-6.89,20
2024Q4,MSN,Masan Group,HOSE,Consumer,Consumer Goods,1,70.0,-8.62,-3.58,-7.89,-8.85,20.0,18.64,4946427.27,371531517.88,0,50,50,83.33,50.0,39.5,Weak Signal,Medium Risk,40.0,Weak Signal,-1.04,-1.97,-6.65,-7.58,20
2024Q4,VIC,Vingroup,HOSE,Real Estate,Conglomerate / Real Estate,1,20.27,-4.16,0.45,-1.98,-2.08,25.64,14.3,1926571.94,39674712.58,20,50,50,16.67,76.67,39.17,Weak Signal,Low Risk,38.67,Weak Signal,-1.04,-1.97,-2.19,-3.12,40
2024Q4,VNM,Vinamilk,HOSE,Consumer,Dairy,1,56.63,-8.85,-0.94,-9.12,-0.42,47.22,13.07,2354152.8,137401164.01,0,50,50,50.0,86.67,38.17,Weak Signal,Low Risk,38.67,Weak Signal,-1.04,-1.97,-6.88,-7.81,20
2024Q4,BID,BIDV,HOSE,Banking,Commercial Bank,1,37.14,-8.57,-2.26,-8.21,-3.93,39.33,15.23,2212945.44,85737016.26,10,50,50,36.67,70.0,37.0,Weak Signal,Medium Risk,38.0,Weak Signal,-1.04,-1.97,-6.6,-7.53,20
2024Q4,VCI,Vietcap Securities,HOSE,Securities,Brokerage,1,23.89,-9.06,0.17,-9.16,-7.94,30.42,26.07,5964358.58,149479312.46,10,50,50,60.0,16.67,35.17,Weak Signal,High Risk,36.17,Weak Signal,-1.04,-1.97,-7.09,-8.02,20
2024Q4,VJC,Vietjet Air,HOSE,Transportation,Airlines,1,76.92,-5.04,-2.25,-5.21,-1.18,32.98,12.13,759293.23,60499046.3,0,50,50,26.67,93.33,37.33,Weak Signal,Low Risk,35.83,Weak Signal,-1.04,-1.97,-3.07,-4.0,40
2024Q4,GAS,PV Gas,HOSE,Energy,Gas,1,64.1,-6.71,-1.6,-6.07,-4.3,37.33,8.19,579953.94,38276700.85,0,50,50,13.33,100.0,36.0,Weak Signal,Low Risk,34.5,Risk Alert,-1.04,-1.97,-4.74,-5.67,40
2024Q4,VRE,Vincom Retail,HOSE,Real Estate,Retail Real Estate,1,16.56,-11.63,-3.94,-8.05,-19.3,37.18,17.21,6224916.94,108572684.22,0,50,50,43.33,53.33,33.83,Risk Alert,Medium Risk,34.33,Risk Alert,-1.04,-1.97,-9.66,-10.59,20
2024Q4,POW,PV Power,HOSE,Utilities,Power Generation,1,9.92,-9.07,-3.22,-6.24,-18.62,38.13,23.85,5511846.26,55825207.72,10,50,50,23.33,23.33,30.33,Risk Alert,High Risk,31.33,Risk Alert,-1.04,-1.97,-7.1,-8.03,20
2024Q4,PLX,Petrolimex,HOSE,Energy,Petroleum Distribution,1,36.28,-15.75,-5.67,-15.55,-14.6,21.38,17.08,869502.09,34664653.48,0,50,50,10.0,56.67,29.17,Risk Alert,Medium Risk,29.67,Risk Alert,-1.04,-1.97,-13.78,-14.71,20
2024Q4,GVR,Vietnam Rubber Group,HOSE,Materials,Rubber / Industrial Materials,1,29.92,-14.93,-3.51,-13.85,-12.49,30.18,24.15,2445127.89,78803131.17,0,50,50,33.33,20.0,29.0,Risk Alert,High Risk,29.5,Risk Alert,-1.04,-1.97,-12.96,-13.89,20
2025Q1,STB,Sacombank,HOSE,Banking,Commercial Bank,1,38.3,3.51,0.13,10.37,16.95,21.43,20.05,8544967.24,324345787.41,85,50,50,86.67,56.67,65.92,Positive Signal,Medium Risk,66.67,Positive Signal,1.54,2.93,0.58,1.97,60
2025Q1,MBB,Military Bank,HOSE,Banking,Commercial Bank,1,18.09,9.97,4.81,15.96,7.87,34.15,16.64,14549276.66,255190979.75,85,50,50,70.0,76.67,67.42,Positive Signal,Medium Risk,66.17,Positive Signal,1.54,2.93,7.04,8.43,80
2025Q1,TCB,Techcombank,HOSE,Banking,Commercial Bank,1,26.24,12.96,5.38,14.59,14.14,40.7,20.44,12870042.26,321066126.88,85,50,50,83.33,46.67,68.42,Positive Signal,Medium Risk,65.17,Positive Signal,1.54,2.93,10.03,11.42,100
2025Q1,VHM,Vinhomes,HOSE,Real Estate,Residential Real Estate,1,49.4,28.25,24.5,27.12,15.53,88.22,21.46,7426089.29,317771142.71,85,50,50,80.0,30.0,66.25,Positive Signal,Medium Risk,63.0,Neutral,1.54,2.93,25.32,26.71,100
2025Q1,VCB,Vietcombank,HOSE,Banking,Commercial Bank,1,63.54,4.11,2.55,3.89,3.43,46.22,14.12,2013359.53,127407320.46,85,50,50,40.0,86.67,61.92,Neutral,Low Risk,62.67,Neutral,1.54,2.93,1.18,2.57,60
2025Q1,VCI,Vietcap Securities,HOSE,Securities,Brokerage,1,27.76,14.81,5.07,14.47,6.73,36.66,20.17,7624773.72,201505450.14,85,50,50,63.33,50.0,65.75,Positive Signal,Medium Risk,62.5,Neutral,1.54,2.93,11.88,13.27,100
2025Q1,SSI,SSI Securities,HOSE,Securities,Brokerage,1,23.1,0.22,-1.11,0.22,-5.44,36.64,18.93,18697332.59,430734182.94,60,50,50,96.67,60.0,59.5,Neutral,Medium Risk,61.0,Neutral,1.54,2.93,-2.71,-1.32,40
2025Q1,HCM,HSC Securities,HOSE,Securities,Brokerage,1,23.65,6.24,-1.74,7.74,0.3,32.23,20.16,8855393.64,207232273.32,75,50,50,66.67,53.33,60.08,Neutral,Medium Risk,60.33,Neutral,1.54,2.93,3.31,4.7,60
2025Q1,VRE,Vincom Retail,HOSE,Real Estate,Retail Real Estate,1,18.5,10.71,10.12,12.33,-0.22,64.2,21.54,8904288.78,153946200.76,85,50,50,46.67,26.67,58.92,Neutral,Medium Risk,57.67,Neutral,1.54,2.93,7.78,9.17,80
2025Q1,CTG,VietinBank,HOSE,Banking,Commercial Bank,1,28.43,8.8,-0.11,14.5,13.86,33.74,20.76,6792991.45,187523606.62,75,50,50,53.33,43.33,59.08,Neutral,Medium Risk,57.33,Neutral,1.54,2.93,5.87,7.26,80
2025Q1,ACB,ACB,HOSE,Banking,Commercial Bank,1,18.72,1.57,0.0,4.0,0.0,37.3,11.15,6708082.79,124510905.45,60,50,50,36.67,93.33,53.83,Neutral,Low Risk,55.33,Neutral,1.54,2.93,-1.36,0.03,40
2025Q1,POW,PV Power,HOSE,Utilities,Power Generation,1,10.58,6.65,4.55,6.22,-1.95,65.35,23.27,6387909.14,64964259.98,85,50,50,23.33,20.0,52.75,Neutral,Medium Risk,53.5,Neutral,1.54,2.93,3.72,5.11,60
2025Q1,VIC,Vingroup,HOSE,Real Estate,Conglomerate / Real Estate,1,29.0,43.07,40.78,42.86,36.15,90.23,26.93,3518853.78,85530318.45,85,50,50,30.0,10.0,56.75,Neutral,High Risk,53.5,Neutral,1.54,2.93,40.14,41.53,100
2025Q1,HPG,Hoa Phat Group,HOSE,Steel,Steel,1,19.9,-0.95,-4.46,0.2,2.68,25.0,21.28,21081647.6,424873324.83,40,50,50,93.33,36.67,51.67,Neutral,Medium Risk,52.17,Neutral,1.54,2.93,-3.88,-2.49,40
2025Q1,MWG,Mobile World,HOSE,Retail,Consumer Retail,1,58.16,-2.64,1.2,-3.76,-13.62,23.63,22.19,5687796.16,330363343.87,35,50,50,90.0,23.33,46.58,Weak Signal,Medium Risk,48.83,Weak Signal,1.54,2.93,-5.57,-4.18,20
2025Q1,VPB,VPBank,HOSE,Banking,Commercial Bank,1,18.17,-0.82,-1.57,0.28,-3.09,38.8,16.8,15165943.91,279203905.62,25,50,50,76.67,73.33,49.08,Weak Signal,Medium Risk,48.83,Weak Signal,1.54,2.93,-3.75,-2.36,40
2025Q1,BCM,Becamex IDC,HOSE,Industrial Parks,Industrial Real Estate,1,73.53,5.65,-1.18,10.16,5.48,30.97,25.95,462326.41,34357132.67,75,50,50,6.67,13.33,47.08,Weak Signal,High Risk,47.33,Weak Signal,1.54,2.93,2.72,4.11,60
2025Q1,FPT,FPT Corporation,HOSE,Technology,IT Services,1,101.85,-20.39,-13.75,-19.55,-9.27,24.94,24.45,4948360.86,576441806.51,10,50,50,100.0,16.67,41.17,Weak Signal,High Risk,42.17,Weak Signal,1.54,2.93,-23.32,-21.93,20
2025Q1,VNM,Vinamilk,HOSE,Consumer,Dairy,1,54.13,-3.97,-2.57,-5.02,-13.61,30.41,14.75,3132071.62,172731938.39,10,50,50,50.0,83.33,40.33,Weak Signal,Low Risk,41.33,Weak Signal,1.54,2.93,-6.9,-5.51,20
2025Q1,BID,BIDV,HOSE,Banking,Commercial Bank,1,38.32,1.43,-5.38,1.7,-6.24,18.81,16.92,3308420.38,131388683.84,15,50,50,43.33,70.0,41.25,Weak Signal,Medium Risk,40.5,Weak Signal,1.54,2.93,-1.5,-0.11,40
2025Q1,GVR,Vietnam Rubber Group,HOSE,Materials,Rubber / Industrial Materials,1,31.94,6.22,-3.01,5.52,-10.18,43.23,27.38,3033592.36,96118879.27,40,50,50,33.33,6.67,41.67,Weak Signal,High Risk,40.17,Weak Signal,1.54,2.93,3.29,4.68,60
2025Q1,MSN,Masan Group,HOSE,Consumer,Consumer Goods,1,66.8,-5.65,-1.33,-4.84,-12.22,39.81,21.3,4049232.76,275866051.9,10,50,50,73.33,33.33,38.83,Weak Signal,Medium Risk,39.83,Weak Signal,1.54,2.93,-8.58,-7.19,20
2025Q1,PLX,Petrolimex,HOSE,Energy,Petroleum Distribution,1,38.27,3.68,-9.18,2.88,-13.26,10.63,18.28,1338003.59,53879438.37,25,50,50,20.0,63.33,41.58,Weak Signal,Medium Risk,39.33,Weak Signal,1.54,2.93,0.75,2.14,60
2025Q1,TPB,TPBank,HOSE,Banking,Commercial Bank,1,12.7,-13.55,-14.36,-10.88,-14.07,21.07,20.86,14150251.05,201097069.33,10,50,50,60.0,40.0,37.5,Weak Signal,Medium Risk,38.5,Weak Signal,1.54,2.93,-16.48,-15.09,20
2025Q1,GAS,PV Gas,HOSE,Energy,Gas,1,62.88,-1.9,-1.77,-2.06,-9.73,44.85,10.15,744904.91,47580914.33,10,50,50,16.67,96.67,38.67,Weak Signal,Low Risk,37.67,Weak Signal,1.54,2.93,-4.83,-3.44,40
2025Q1,KDH,Khang Dien House,HOSE,Real Estate,Residential Real Estate,1,29.64,-7.23,-2.66,-9.3,-8.86,47.15,15.21,2135685.24,64972089.42,10,50,50,26.67,80.0,36.5,Weak Signal,Low Risk,37.5,Weak Signal,1.54,2.93,-10.16,-8.77,20
2025Q1,VJC,Vietjet Air,HOSE,Transportation,Airlines,1,73.07,-4.91,-1.04,-5.95,-9.61,31.49,9.03,563532.02,42344820.41,10,50,50,13.33,100.0,36.5,Weak Signal,Low Risk,37.5,Weak Signal,1.54,2.93,-7.84,-6.45,20
2025Q1,HDB,HDBank,HOSE,Banking,Commercial Bank,1,17.04,-11.94,-4.11,-5.54,-6.27,15.71,29.48,10703614.79,188586417.21,20,50,50,56.67,3.33,35.83,Weak Signal,High Risk,37.33,Weak Signal,1.54,2.93,-14.87,-13.48,20
2025Q1,SAB,Sabeco,HOSE,Consumer,Beverage,1,44.12,-12.04,-5.04,-11.42,-12.81,15.15,12.15,776425.71,36081942.25,10,50,50,10.0,90.0,35.0,Weak Signal,Low Risk,36.0,Weak Signal,1.54,2.93,-14.97,-13.58,20
2025Q1,PNJ,Phu Nhuan Jewelry,HOSE,Retail,Jewelry Retail,1,54.11,-14.4,-11.38,-13.78,-14.38,21.08,18.18,549638.86,32638073.97,10,50,50,3.33,66.67,31.67,Risk Alert,Medium Risk,32.67,Risk Alert,1.54,2.93,-17.33,-15.94,20
2025Q2,MBB,Military Bank,HOSE,Banking,Commercial Bank,1,19.37,4.93,5.96,7.97,23.61,78.67,31.74,27458379.36,491812248.24,75,50,50,76.67,93.33,65.58,Positive Signal,Medium Risk,65.83,Positive Signal,7.31,4.46,0.47,-2.38,60
2025Q2,TCB,Techcombank,HOSE,Banking,Commercial Bank,1,32.63,22.35,12.32,23.23,43.68,90.24,37.25,20657533.61,570100036.02,75,50,50,93.33,60.0,68.75,Positive Signal,Medium Risk,65.0,Positive Signal,7.31,4.46,17.89,15.04,100
2025Q2,HPG,Hoa Phat Group,HOSE,Steel,Steel,1,20.27,0.9,5.79,-0.93,2.06,66.25,35.96,29142559.77,555355849.82,75,50,50,90.0,63.33,62.58,Neutral,Medium Risk,64.83,Neutral,7.31,4.46,-3.56,-6.41,40
2025Q2,STB,Sacombank,HOSE,Banking,Commercial Bank,1,46.7,17.63,14.74,22.09,37.96,79.23,39.55,15213031.15,607792443.36,75,50,50,96.67,43.33,67.58,Positive Signal,Medium Risk,63.83,Neutral,7.31,4.46,13.17,10.32,100
2025Q2,VPB,VPBank,HOSE,Banking,Commercial Bank,1,18.18,-0.76,3.06,-1.25,0.55,64.84,33.42,26707866.56,463995765.43,75,50,50,73.33,76.67,59.42,Neutral,Medium Risk,63.67,Neutral,7.31,4.46,-5.22,-8.07,20
2025Q2,ACB,ACB,HOSE,Banking,Commercial Bank,1,18.35,-2.13,0.94,-1.98,2.8,67.05,30.84,11983067.64,211550592.11,75,50,50,43.33,100.0,57.25,Neutral,Medium Risk,61.5,Neutral,7.31,4.46,-6.59,-9.44,20
2025Q2,MWG,Mobile World,HOSE,Retail,Consumer Retail,1,64.57,11.77,5.47,8.45,8.09,75.52,39.82,8795713.36,520412427.63,75,50,50,83.33,40.0,63.25,Neutral,Medium Risk,61.5,Neutral,7.31,4.46,7.31,4.46,80
2025Q2,MSN,Masan Group,HOSE,Consumer,Consumer Goods,1,76.8,16.01,23.87,10.66,9.25,94.12,42.6,6133463.93,388498670.98,85,50,50,70.0,26.67,64.42,Neutral,Medium Risk,61.17,Neutral,7.31,4.46,11.55,8.7,100
2025Q2,VHM,Vinhomes,HOSE,Real Estate,Residential Real Estate,1,73.86,44.71,-1.16,49.79,90.07,59.36,51.26,8869323.66,530187743.69,80,50,50,86.67,10.0,64.0,Neutral,High Risk,60.5,Neutral,7.31,4.46,40.25,37.4,100
2025Q2,CTG,VietinBank,HOSE,Banking,Commercial Bank,1,28.74,0.14,9.4,0.74,15.93,94.84,34.13,8311477.38,220560252.39,75,50,50,50.0,73.33,57.58,Neutral,Medium Risk,59.83,Neutral,7.31,4.46,-4.32,-7.17,40
2025Q2,VIC,Vingroup,HOSE,Real Estate,Conglomerate / Real Estate,1,47.8,60.13,-2.85,67.43,136.05,61.26,57.38,7155925.13,265872728.16,80,50,50,63.33,3.33,59.83,Neutral,High Risk,56.33,Neutral,7.31,4.46,55.67,52.82,100
2025Q2,FPT,FPT Corporation,HOSE,Technology,IT Services,1,100.34,-1.07,2.33,-5.54,-20.26,63.11,38.23,7002747.26,679106610.16,40,50,50,100.0,50.0,52.0,Neutral,Medium Risk,54.5,Neutral,7.31,4.46,-5.53,-8.38,20
2025Q2,GAS,PV Gas,HOSE,Energy,Gas,1,63.82,0.44,4.32,0.89,-1.16,61.28,43.0,1123653.07,67252937.01,85,50,50,20.0,23.33,50.58,Neutral,Medium Risk,53.33,Neutral,7.31,4.46,-4.02,-6.87,40
2025Q2,TPB,TPBank,HOSE,Banking,Commercial Bank,1,12.81,0.87,1.51,0.87,-9.28,66.38,32.4,12899849.15,157420051.96,55,50,50,36.67,86.67,51.92,Neutral,Medium Risk,53.17,Neutral,7.31,4.46,-3.59,-6.44,40
2025Q2,SSI,SSI Securities,HOSE,Securities,Brokerage,1,21.94,-5.19,5.33,-6.08,-5.92,70.0,37.76,24909266.15,520256879.57,40,50,50,80.0,53.33,49.33,Weak Signal,Medium Risk,51.83,Neutral,7.31,4.46,-9.65,-12.5,20
2025Q2,VCB,Vietcombank,HOSE,Banking,Commercial Bank,1,56.59,-11.63,1.07,-12.98,-7.88,63.33,32.47,4145227.97,236415173.4,40,50,50,56.67,83.33,48.83,Weak Signal,Medium Risk,51.33,Neutral,7.31,4.46,-16.09,-18.94,20
2025Q2,POW,PV Power,HOSE,Utilities,Power Generation,1,10.74,0.37,-0.83,1.13,6.55,47.83,38.48,9830513.36,102247424.59,65,50,50,26.67,46.67,48.92,Weak Signal,Medium Risk,50.67,Neutral,7.31,4.46,-4.09,-6.94,40
2025Q2,VRE,Vincom Retail,HOSE,Real Estate,Retail Real Estate,1,23.81,23.24,-10.35,25.45,44.57,23.35,42.17,11997320.2,266022090.82,50,50,50,66.67,30.0,55.5,Neutral,Medium Risk,50.5,Neutral,7.31,4.46,18.78,15.93,100
2025Q2,VCI,Vietcap Securities,HOSE,Securities,Brokerage,1,25.91,-8.35,-0.69,-6.66,5.45,53.14,37.35,8302871.08,218936123.2,50,50,50,46.67,56.67,47.17,Weak Signal,Medium Risk,50.17,Neutral,7.31,4.46,-12.81,-15.66,20
2025Q2,BID,BIDV,HOSE,Banking,Commercial Bank,1,35.9,-6.92,0.84,-7.16,-5.43,69.82,31.78,3664391.97,130013726.01,40,50,50,33.33,90.0,46.0,Weak Signal,Medium Risk,48.5,Weak Signal,7.31,4.46,-11.38,-14.23,20
2025Q2,SAB,Sabeco,HOSE,Consumer,Beverage,1,45.08,1.26,2.5,0.83,-8.37,62.17,32.75,1339311.13,58386541.5,55,50,50,10.0,80.0,47.25,Weak Signal,Medium Risk,48.5,Weak Signal,7.31,4.46,-3.2,-6.05,40
2025Q2,VNM,Vinamilk,HOSE,Consumer,Dairy,1,53.65,-1.22,5.65,-1.7,-6.87,70.83,31.55,4528091.75,232058063.44,25,50,50,53.33,96.67,45.92,Weak Signal,Medium Risk,47.67,Weak Signal,7.31,4.46,-5.68,-8.53,20
2025Q2,HDB,HDBank,HOSE,Banking,Commercial Bank,1,16.81,-2.89,0.48,-3.78,-6.82,58.78,35.03,10590926.82,174965222.48,40,50,50,40.0,70.0,45.0,Weak Signal,Medium Risk,47.5,Weak Signal,7.31,4.46,-7.35,-10.2,20
2025Q2,HCM,HSC Securities,HOSE,Securities,Brokerage,1,21.04,-11.89,4.73,-11.04,-5.48,68.35,40.14,11736964.31,237421463.89,40,50,50,60.0,36.67,44.67,Weak Signal,Medium Risk,47.17,Weak Signal,7.31,4.46,-16.35,-19.2,20
2025Q2,PLX,Petrolimex,HOSE,Energy,Petroleum Distribution,1,37.25,-4.46,11.59,-5.98,-1.3,56.92,47.45,1684643.16,59766073.38,50,50,50,13.33,16.67,38.17,Weak Signal,High Risk,41.17,Weak Signal,7.31,4.46,-8.92,-11.77,20
2025Q2,GVR,Vietnam Rubber Group,HOSE,Materials,Rubber / Industrial Materials,1,29.87,-4.87,5.55,-13.32,-1.94,62.86,54.3,4116075.03,110370096.65,40,50,50,30.0,6.67,37.17,Weak Signal,High Risk,39.67,Weak Signal,7.31,4.46,-9.33,-12.18,20
2025Q2,VJC,Vietjet Air,HOSE,Transportation,Airlines,1,67.77,-7.46,1.27,-8.7,-11.18,44.84,35.31,734264.59,49806749.15,20,50,50,6.67,66.67,34.67,Risk Alert,Medium Risk,36.17,Weak Signal,7.31,4.46,-11.92,-14.77,20
2025Q2,KDH,Khang Dien House,HOSE,Real Estate,Residential Real Estate,1,26.73,-9.82,0.0,-9.39,-17.98,46.53,41.91,3048858.21,79608595.72,15,50,50,23.33,33.33,32.58,Risk Alert,Medium Risk,33.83,Risk Alert,7.31,4.46,-14.28,-17.13,20
2025Q2,PNJ,Phu Nhuan Jewelry,HOSE,Retail,Jewelry Retail,1,53.98,-0.37,0.73,-2.12,-13.81,73.43,50.65,1350194.48,66520168.03,25,50,50,16.67,13.33,34.08,Risk Alert,High Risk,33.83,Risk Alert,7.31,4.46,-4.83,-7.68,40
2025Q2,BCM,Becamex IDC,HOSE,Industrial Parks,Industrial Real Estate,1,63.11,-15.41,5.94,-17.05,-5.17,78.83,47.16,589575.3,34587394.41,25,50,50,3.33,20.0,30.75,Risk Alert,High Risk,32.5,Risk Alert,7.31,4.46,-19.87,-22.72,20
2025Q3,MWG,Mobile World,HOSE,Retail,Consumer Retail,1,77.7,22.21,0.52,22.21,31.81,57.14,32.06,9294428.64,666546168.11,90,50,50,76.67,66.67,66.67,Positive Signal,Medium Risk,67.67,Positive Signal,26.21,20.6,1.61,-4.0,60
2025Q3,HPG,Hoa Phat Group,HOSE,Steel,Steel,1,25.13,24.28,3.89,24.28,24.41,43.31,33.63,71125834.77,1739909173.22,85,50,50,100.0,43.33,66.58,Positive Signal,Medium Risk,67.33,Positive Signal,26.21,20.6,3.68,-1.93,60
2025Q3,STB,Sacombank,HOSE,Banking,Commercial Bank,1,56.9,21.19,3.83,21.19,48.76,67.86,32.47,11990535.94,628205436.56,90,50,50,73.33,60.0,65.5,Positive Signal,Medium Risk,66.5,Positive Signal,26.21,20.6,0.59,-5.02,60
2025Q3,MSN,Masan Group,HOSE,Consumer,Consumer Goods,1,81.0,7.71,-2.53,7.71,18.25,50.0,32.63,10303853.12,827680693.44,80,50,50,80.0,53.33,59.33,Neutral,Medium Risk,63.83,Neutral,26.21,20.6,-12.89,-18.5,20
2025Q3,TCB,Techcombank,HOSE,Banking,Commercial Bank,1,37.07,12.95,-1.88,12.95,41.0,48.53,32.47,24723567.88,881228643.96,65,50,50,86.67,56.67,56.92,Neutral,Medium Risk,60.67,Neutral,26.21,20.6,-7.65,-13.26,20
2025Q3,CTG,VietinBank,HOSE,Banking,Commercial Bank,1,34.84,21.22,-1.55,21.22,22.85,51.85,29.09,10630790.73,352182583.43,80,50,50,43.33,73.33,59.83,Neutral,Medium Risk,60.33,Neutral,26.21,20.6,0.62,-4.99,60
2025Q3,VHM,Vinhomes,HOSE,Real Estate,Residential Real Estate,1,99.19,34.99,-1.53,34.99,101.16,53.07,36.63,5032390.03,460059129.9,80,50,50,60.0,36.67,62.67,Neutral,Medium Risk,59.17,Neutral,26.21,20.6,14.39,8.78,100
2025Q3,SSI,SSI Securities,HOSE,Securities,Brokerage,1,35.12,61.69,-5.87,61.69,50.02,31.47,42.16,52616165.14,1666546369.03,65,50,50,96.67,20.0,62.75,Neutral,High Risk,58.5,Neutral,26.21,20.6,41.09,35.48,100
2025Q3,MBB,Military Bank,HOSE,Banking,Commercial Bank,1,26.2,34.22,-3.68,34.22,46.04,40.51,37.48,33617831.8,839995164.73,65,50,50,83.33,33.33,62.08,Neutral,Medium Risk,57.83,Neutral,26.21,20.6,13.62,8.01,100
2025Q3,VNM,Vinamilk,HOSE,Consumer,Dairy,1,55.5,4.36,-1.63,4.36,3.03,50.87,21.0,5834170.47,330098027.31,65,50,50,40.0,90.0,53.25,Neutral,Low Risk,57.0,Neutral,26.21,20.6,-16.24,-21.85,20
2025Q3,VRE,Vincom Retail,HOSE,Real Estate,Retail Real Estate,1,31.0,29.44,4.55,29.44,64.63,60.55,34.78,5956413.14,169586285.1,90,50,50,23.33,40.0,58.0,Neutral,Medium Risk,57.0,Neutral,26.21,20.6,8.84,3.23,80
2025Q3,VPB,VPBank,HOSE,Banking,Commercial Bank,1,30.56,68.56,-8.5,68.56,66.0,40.76,52.01,46884342.8,1288929289.89,65,50,50,93.33,3.33,60.58,Neutral,High Risk,56.33,Neutral,26.21,20.6,47.96,42.35,100
2025Q3,HDB,HDBank,HOSE,Banking,Commercial Bank,1,23.9,40.26,-4.63,40.26,39.28,45.64,41.03,20982235.42,461766838.48,65,50,50,63.33,23.33,58.08,Neutral,High Risk,53.83,Neutral,26.21,20.6,19.66,14.05,100
2025Q3,BID,BIDV,HOSE,Banking,Commercial Bank,1,39.56,9.28,-5.88,9.28,2.3,44.96,29.32,8938964.86,354923829.04,50,50,50,46.67,70.0,48.5,Weak Signal,Medium Risk,51.5,Neutral,26.21,20.6,-11.32,-16.93,20
2025Q3,VCB,Vietcombank,HOSE,Banking,Commercial Bank,1,61.55,6.52,-10.15,6.52,-4.32,18.39,26.44,8680302.53,547562538.73,35,50,50,66.67,83.33,49.08,Weak Signal,Medium Risk,51.33,Neutral,26.21,20.6,-14.08,-19.69,20
2025Q3,VIC,Vingroup,HOSE,Real Estate,Conglomerate / Real Estate,1,87.45,82.95,34.44,82.95,201.55,87.41,48.77,3693354.62,225820092.7,75,50,50,36.67,6.67,54.92,Neutral,High Risk,51.17,Neutral,26.21,20.6,62.35,56.74,100
2025Q3,ACB,ACB,HOSE,Banking,Commercial Bank,1,21.97,19.73,-7.46,19.73,17.61,33.33,33.3,19059346.08,415312416.32,50,50,50,50.0,50.0,49.0,Weak Signal,Medium Risk,50.0,Neutral,26.21,20.6,-0.87,-6.48,40
2025Q3,KDH,Khang Dien House,HOSE,Real Estate,Residential Real Estate,1,33.8,26.26,-5.85,26.26,14.23,42.62,38.77,6255775.64,203617028.3,65,50,50,30.0,26.67,51.42,Neutral,Medium Risk,49.17,Weak Signal,26.21,20.6,5.66,0.05,80
2025Q3,HCM,HSC Securities,HOSE,Securities,Brokerage,1,26.26,25.65,-5.3,25.65,9.97,39.8,38.73,17322238.02,452563152.18,50,50,50,56.67,30.0,52.0,Neutral,Medium Risk,49.0,Weak Signal,26.21,20.6,5.05,-0.56,80
2025Q3,TPB,TPBank,HOSE,Banking,Commercial Bank,1,17.95,39.04,-9.39,39.04,42.35,45.57,48.28,35160320.98,621508542.11,50,50,50,70.0,10.0,54.0,Neutral,High Risk,49.0,Weak Signal,26.21,20.6,18.44,12.83,100
2025Q3,POW,PV Power,HOSE,Utilities,Power Generation,1,11.86,10.43,-12.79,10.43,12.1,35.24,32.19,15510346.56,193014890.36,50,50,50,26.67,63.33,44.83,Weak Signal,Medium Risk,47.83,Weak Signal,26.21,20.6,-10.17,-15.78,20
2025Q3,VCI,Vietcap Securities,HOSE,Securities,Brokerage,1,31.49,22.72,-6.06,22.72,14.01,47.57,43.1,14126683.08,444091781.67,50,50,50,53.33,16.67,48.17,Weak Signal,High Risk,47.17,Weak Signal,26.21,20.6,2.12,-3.49,60
2025Q3,FPT,FPT Corporation,HOSE,Technology,IT Services,1,90.79,-9.98,-11.01,-9.98,-13.01,30.08,28.39,10201849.8,1033697262.24,10,50,50,90.0,80.0,46.0,Weak Signal,Medium Risk,47.0,Weak Signal,26.21,20.6,-30.58,-36.19,20
2025Q3,VJC,Vietjet Air,HOSE,Transportation,Airlines,1,99.69,43.21,-10.62,43.21,35.01,17.14,47.11,2142338.81,210351972.35,50,50,50,33.33,13.33,48.83,Weak Signal,High Risk,43.83,Weak Signal,26.21,20.6,22.61,17.0,100
2025Q3,PNJ,Phu Nhuan Jewelry,HOSE,Retail,Jewelry Retail,1,54.87,1.27,-1.33,1.27,3.0,40.87,25.9,689330.86,38490527.01,30,50,50,3.33,86.67,38.67,Weak Signal,Low Risk,40.67,Weak Signal,26.21,20.6,-19.33,-24.94,20
2025Q3,BCM,Becamex IDC,HOSE,Industrial Parks,Industrial Real Estate,1,65.76,3.72,-1.62,3.72,-13.79,46.43,29.01,584386.72,39481045.12,15,50,50,6.67,76.67,34.42,Risk Alert,Medium Risk,35.67,Weak Signal,26.21,20.6,-16.88,-22.49,20
2025Q3,PLX,Petrolimex,HOSE,Energy,Petroleum Distribution,1,34.2,-7.32,-5.39,-7.32,-11.19,31.82,19.55,2329556.25,86067712.58,0,50,50,16.67,93.33,33.83,Risk Alert,Low Risk,34.33,Risk Alert,26.21,20.6,-27.92,-33.53,20
2025Q3,GAS,PV Gas,HOSE,Energy,Gas,1,60.4,-3.36,-6.93,-3.36,-3.94,39.73,15.35,1041458.3,66780535.88,0,50,50,13.33,96.67,33.67,Risk Alert,Low Risk,34.17,Risk Alert,26.21,20.6,-23.96,-29.57,20
2025Q3,SAB,Sabeco,HOSE,Consumer,Beverage,1,43.35,-2.91,-2.91,-2.91,-2.54,39.32,15.04,1289109.61,58605130.58,0,50,50,10.0,100.0,33.5,Risk Alert,Low Risk,34.0,Risk Alert,26.21,20.6,-23.51,-29.12,20
2025Q3,GVR,Vietnam Rubber Group,HOSE,Materials,Rubber / Industrial Materials,1,27.31,-11.07,-5.14,-11.07,-20.4,44.14,33.57,4863377.53,146073964.63,0,50,50,20.0,46.67,29.67,Risk Alert,Medium Risk,30.17,Risk Alert,26.21,20.6,-31.67,-37.28,20
2025Q4,MBB,Military Bank,HOSE,Banking,Commercial Bank,1,25.3,-4.17,7.43,-4.71,29.61,55.7,29.86,26863984.85,674135135.91,75,50,50,90.0,80.0,62.25,Neutral,Medium Risk,66.5,Positive Signal,8.55,7.17,-11.34,-12.72,20
2025Q4,VHM,Vinhomes,HOSE,Real Estate,Residential Real Estate,1,119.41,22.52,16.1,24.0,63.15,67.27,58.92,6500352.09,674015375.17,100,50,50,86.67,6.67,68.67,Positive Signal,High Risk,66.17,Positive Signal,8.55,7.17,15.35,13.97,100
2025Q4,VIC,Vingroup,HOSE,Real Estate,Conglomerate / Real Estate,1,169.6,99.53,23.35,92.18,269.1,69.67,54.93,4898378.82,625518619.44,100,50,50,80.0,10.0,68.0,Positive Signal,High Risk,65.5,Positive Signal,8.55,7.17,92.36,90.98,100
2025Q4,CTG,VietinBank,HOSE,Banking,Commercial Bank,1,35.75,1.22,5.43,2.61,22.06,61.88,30.31,8910909.26,312962915.77,90,50,50,53.33,73.33,59.83,Neutral,Medium Risk,64.83,Neutral,8.55,7.17,-5.95,-7.33,20
2025Q4,MWG,Mobile World,HOSE,Retail,Consumer Retail,1,88.4,13.77,10.5,14.81,35.25,65.02,33.55,7064686.36,582175977.42,90,50,50,73.33,40.0,65.5,Positive Signal,Medium Risk,64.5,Neutral,8.55,7.17,6.6,5.22,80
2025Q4,POW,PV Power,HOSE,Utilities,Power Generation,1,12.7,6.72,3.17,9.39,14.21,59.68,31.43,7332232.06,88779903.12,100,50,50,23.33,56.67,58.17,Neutral,Medium Risk,61.67,Neutral,8.55,7.17,-0.45,-1.83,40
2025Q4,HDB,HDBank,HOSE,Banking,Commercial Bank,1,29.7,24.63,20.34,27.52,70.79,80.63,42.03,18732225.74,470593987.56,85,50,50,63.33,30.0,63.75,Neutral,High Risk,60.5,Neutral,8.55,7.17,17.46,16.08,100
2025Q4,STB,Sacombank,HOSE,Banking,Commercial Bank,1,58.0,-3.01,17.41,1.75,23.27,72.1,44.2,8927540.91,481739172.8,85,50,50,66.67,16.67,54.92,Neutral,High Risk,59.67,Neutral,8.55,7.17,-10.18,-11.56,20
2025Q4,TCB,Techcombank,HOSE,Banking,Commercial Bank,1,34.18,-9.48,2.03,-9.0,2.49,59.39,34.59,13582856.55,482810046.98,75,50,50,70.0,36.67,54.92,Neutral,Medium Risk,59.17,Neutral,8.55,7.17,-16.65,-18.03,20
2025Q4,SSI,SSI Securities,HOSE,Securities,Brokerage,1,30.25,-13.96,2.82,-11.81,31.46,57.06,42.14,31794560.55,1036956338.46,60,50,50,100.0,26.67,54.67,Neutral,High Risk,58.17,Neutral,8.55,7.17,-21.13,-22.51,20
2025Q4,BID,BIDV,HOSE,Banking,Commercial Bank,1,38.9,-1.79,5.56,-1.17,7.61,63.27,23.58,2730152.98,104823624.94,75,50,50,26.67,86.67,53.42,Neutral,Low Risk,57.67,Neutral,8.55,7.17,-8.96,-10.34,20
2025Q4,GAS,PV Gas,HOSE,Energy,Gas,1,72.4,19.47,9.53,20.47,15.84,73.79,31.26,967892.42,62806679.09,85,50,50,16.67,63.33,60.08,Neutral,Medium Risk,56.83,Neutral,8.55,7.17,12.3,10.92,100
2025Q4,VJC,Vietjet Air,HOSE,Transportation,Airlines,1,160.76,63.27,-4.09,61.63,132.75,65.3,52.43,2342525.5,330748905.18,80,50,50,56.67,13.33,59.83,Neutral,High Risk,56.33,Neutral,8.55,7.17,56.1,54.72,100
2025Q4,ACB,ACB,HOSE,Banking,Commercial Bank,1,20.68,-6.97,0.19,-6.43,9.82,50.94,19.96,10500860.62,227531740.51,60,50,50,40.0,96.67,52.67,Neutral,Low Risk,56.17,Neutral,8.55,7.17,-14.14,-15.52,20
2025Q4,HPG,Hoa Phat Group,HOSE,Steel,Steel,1,23.57,-6.69,-0.38,-4.5,13.54,48.1,27.13,35433942.82,862538458.67,35,50,50,96.67,83.33,53.58,Neutral,Medium Risk,55.83,Neutral,8.55,7.17,-13.86,-15.24,20
2025Q4,VRE,Vincom Retail,HOSE,Real Estate,Retail Real Estate,1,32.5,1.5,-3.59,2.75,33.8,64.5,59.59,12405282.06,421781729.75,80,50,50,60.0,3.33,51.33,Neutral,High Risk,55.83,Neutral,8.55,7.17,-5.67,-7.05,20
2025Q4,VNM,Vinamilk,HOSE,Consumer,Dairy,1,59.26,3.17,-5.85,4.51,10.85,48.76,31.31,4497646.41,265251492.77,65,50,50,50.0,60.0,53.75,Neutral,Medium Risk,55.5,Neutral,8.55,7.17,-4.0,-5.38,40
2025Q4,SAB,Sabeco,HOSE,Consumer,Beverage,1,47.0,8.17,-6.49,7.58,5.62,33.01,29.87,1188625.68,56164093.17,75,50,50,10.0,76.67,53.92,Neutral,Medium Risk,54.17,Neutral,8.55,7.17,1.0,-0.38,60
2025Q4,MSN,Masan Group,HOSE,Consumer,Consumer Goods,1,77.0,-5.29,-2.04,-3.75,3.22,54.95,32.32,7540890.91,604298942.12,50,50,50,76.67,46.67,50.67,Neutral,Medium Risk,53.67,Neutral,8.55,7.17,-12.46,-13.84,20
2025Q4,PLX,Petrolimex,HOSE,Energy,Petroleum Distribution,1,35.3,3.37,1.29,5.53,-5.23,57.76,21.89,1656893.94,57255365.61,65,50,50,13.33,93.33,51.58,Neutral,Low Risk,53.33,Neutral,8.55,7.17,-3.8,-5.18,40
2025Q4,PNJ,Phu Nhuan Jewelry,HOSE,Retail,Jewelry Retail,1,64.05,16.31,5.9,16.88,19.23,88.08,31.22,633438.03,37900561.8,75,50,50,6.67,66.67,54.42,Neutral,Medium Risk,52.67,Neutral,8.55,7.17,9.14,7.76,80
2025Q4,VPB,VPBank,HOSE,Banking,Commercial Bank,1,28.15,-7.28,-0.85,-2.86,52.82,53.32,42.24,22805746.92,670981368.25,50,50,50,83.33,23.33,49.33,Weak Signal,High Risk,52.33,Neutral,8.55,7.17,-14.45,-15.83,20
2025Q4,TPB,TPBank,HOSE,Banking,Commercial Bank,1,17.1,-6.96,0.0,-3.99,30.53,55.17,32.24,11200931.44,197891093.42,65,50,50,30.0,50.0,47.75,Weak Signal,Medium Risk,51.5,Neutral,8.55,7.17,-14.13,-15.51,20
2025Q4,FPT,FPT Corporation,HOSE,Technology,IT Services,1,94.5,3.64,-0.83,3.64,-9.13,49.27,31.06,7920095.7,749875153.39,15,50,50,93.33,70.0,48.75,Weak Signal,Medium Risk,48.0,Weak Signal,8.55,7.17,-3.53,-4.91,40
2025Q4,VCI,Vietcap Securities,HOSE,Securities,Brokerage,1,25.59,-17.61,3.86,-15.12,-3.8,56.01,37.91,9435810.44,253780371.19,25,50,50,46.67,33.33,38.58,Weak Signal,Medium Risk,40.33,Weak Signal,8.55,7.17,-24.78,-26.16,20
2025Q4,KDH,Khang Dien House,HOSE,Real Estate,Residential Real Estate,1,31.5,-6.53,-6.11,-0.79,16.67,43.83,42.47,6219330.3,208488613.33,35,50,50,33.33,20.0,37.75,Weak Signal,High Risk,40.0,Weak Signal,8.55,7.17,-13.7,-15.08,20
2025Q4,VCB,Vietcombank,HOSE,Banking,Commercial Bank,1,57.5,-7.18,-0.17,-6.81,-0.83,48.57,17.23,3848455.39,230365925.81,0,50,50,43.33,100.0,38.5,Weak Signal,Low Risk,39.0,Weak Signal,8.55,7.17,-14.35,-15.73,20
2025Q4,HCM,HSC Securities,HOSE,Securities,Brokerage,1,22.03,-16.11,0.46,-14.01,-4.67,42.62,32.11,9139630.94,215396502.18,10,50,50,36.67,53.33,35.33,Weak Signal,Medium Risk,36.33,Weak Signal,8.55,7.17,-23.28,-24.66,20
2025Q4,BCM,Becamex IDC,HOSE,Industrial Parks,Industrial Real Estate,1,60.75,-7.62,-6.78,-6.93,-5.65,31.93,22.56,225658.82,14545466.2,0,50,50,3.33,90.0,31.5,Risk Alert,Low Risk,32.0,Risk Alert,8.55,7.17,-14.79,-16.17,20
2025Q4,GVR,Vietnam Rubber Group,HOSE,Materials,Rubber / Industrial Materials,1,26.2,-4.59,-5.59,-0.46,-9.31,46.15,32.47,2393523.5,65448601.62,0,50,50,20.0,43.33,29.33,Risk Alert,Medium Risk,29.83,Risk Alert,8.55,7.17,-11.76,-13.14,20
2026Q1,HPG,Hoa Phat Group,HOSE,Steel,Steel,1,24.01,3.63,-5.62,0.54,-6.61,44.63,33.99,46915132.89,1140123923.48,35,50,50,96.67,83.33,59.58,Neutral,Medium Risk,55.83,Neutral,-9.81,-6.37,10.0,13.44,80
2026Q1,MBB,Military Bank,HOSE,Banking,Commercial Bank,1,26.45,4.34,-4.34,5.38,-0.38,46.6,33.11,30417514.04,824872412.81,35,50,50,86.67,90.0,60.75,Neutral,Low Risk,55.0,Neutral,-9.81,-6.37,10.71,14.15,100
2026Q1,STB,Sacombank,HOSE,Banking,Commercial Bank,1,62.2,7.43,-7.16,11.07,9.31,38.01,45.24,13730980.7,835477504.04,50,50,50,90.0,36.67,59.67,Neutral,Medium Risk,54.67,Neutral,-9.81,-6.37,13.8,17.24,100
2026Q1,VHM,Vinhomes,HOSE,Real Estate,Residential Real Estate,1,99.19,-22.32,2.49,-10.36,3.52,66.22,66.75,7472863.05,793472464.36,60,50,50,83.33,13.33,50.83,Neutral,High Risk,54.33,Neutral,-9.81,-6.37,-15.95,-12.51,20
2026Q1,MWG,Mobile World,HOSE,Retail,Consumer Retail,1,81.8,-6.41,-9.11,-6.51,3.54,41.58,40.42,8389935.09,724551882.81,45,50,50,73.33,60.0,52.25,Neutral,Medium Risk,53.0,Neutral,-9.81,-6.37,-0.04,3.4,40
2026Q1,CTG,VietinBank,HOSE,Banking,Commercial Bank,1,34.6,-2.54,-6.11,-1.14,0.29,47.13,34.49,16077357.89,610449836.49,35,50,50,70.0,80.0,53.25,Neutral,Medium Risk,51.5,Neutral,-9.81,-6.37,3.83,7.27,60
2026Q1,POW,PV Power,HOSE,Utilities,Power Generation,1,13.0,2.77,-16.13,1.56,3.5,39.62,46.48,20697968.42,294400434.3,60,50,50,30.0,33.33,50.83,Neutral,Medium Risk,48.33,Weak Signal,-9.81,-6.37,9.14,12.58,80
2026Q1,HDB,HDBank,HOSE,Banking,Commercial Bank,1,25.45,-12.09,-5.57,-7.45,6.49,45.95,36.76,17295129.82,472551465.18,35,50,50,50.0,76.67,45.92,Weak Signal,Medium Risk,48.17,Weak Signal,-9.81,-6.37,-5.72,-2.28,20
2026Q1,VIC,Vingroup,HOSE,Real Estate,Conglomerate / Real Estate,1,135.0,-22.01,-19.26,-20.54,70.89,37.03,62.67,5224485.96,783622489.47,35,50,50,80.0,16.67,44.42,Weak Signal,High Risk,46.67,Weak Signal,-9.81,-6.37,-15.64,-12.2,20
2026Q1,SSI,SSI Securities,HOSE,Securities,Brokerage,1,26.95,-7.55,-15.38,-12.5,-24.15,31.46,38.56,36693389.47,1123367062.54,10,50,50,93.33,63.33,46.83,Weak Signal,Medium Risk,45.83,Weak Signal,-9.81,-6.37,-1.18,2.26,40
2026Q1,MSN,Masan Group,HOSE,Consumer,Consumer Goods,1,75.5,-1.69,-3.7,-0.79,-8.15,58.39,33.77,7542285.96,587072166.84,15,50,50,63.33,86.67,47.92,Weak Signal,Medium Risk,45.17,Weak Signal,-9.81,-6.37,4.68,8.12,60
2026Q1,FPT,FPT Corporation,HOSE,Technology,IT Services,1,73.68,-21.37,-16.63,-20.53,-22.99,38.19,38.21,12938981.51,1161744271.59,0,50,50,100.0,73.33,44.33,Weak Signal,Medium Risk,44.83,Weak Signal,-9.81,-6.37,-15.0,-11.56,20
2026Q1,VCI,Vietcap Securities,HOSE,Securities,Brokerage,1,26.7,8.49,-5.69,7.4,-16.2,45.95,43.01,12843836.18,343738280.36,40,50,50,36.67,46.67,50.17,Neutral,Medium Risk,44.67,Weak Signal,-9.81,-6.37,14.86,18.3,100
2026Q1,GAS,PV Gas,HOSE,Energy,Gas,1,78.3,1.16,-32.15,19.91,26.49,21.21,72.24,3838408.77,396897210.88,50,50,50,43.33,3.33,47.33,Weak Signal,High Risk,44.33,Weak Signal,-9.81,-6.37,7.53,10.97,80
2026Q1,VCB,Vietcombank,HOSE,Banking,Commercial Bank,1,58.1,1.75,-7.63,1.57,-7.11,37.63,41.52,11828005.26,782962507.02,15,50,50,76.67,53.33,48.58,Weak Signal,Medium Risk,43.83,Weak Signal,-9.81,-6.37,8.12,11.56,80
2026Q1,VPB,VPBank,HOSE,Banking,Commercial Bank,1,26.23,-4.3,-4.83,-6.99,-13.75,51.89,38.51,21658778.98,592902702.85,15,50,50,66.67,66.67,46.42,Weak Signal,Medium Risk,43.67,Weak Signal,-9.81,-6.37,2.07,5.51,60
2026Q1,PNJ,Phu Nhuan Jewelry,HOSE,Retail,Jewelry Retail,1,72.0,10.7,-13.25,16.75,28.57,31.89,47.28,2090044.93,160887559.32,50,50,50,13.33,30.0,47.5,Weak Signal,Medium Risk,42.5,Weak Signal,-9.81,-6.37,17.07,20.51,100
2026Q1,GVR,Vietnam Rubber Group,HOSE,Materials,Rubber / Industrial Materials,1,31.7,23.11,-25.93,20.76,11.66,37.77,71.02,7321850.88,270352752.37,50,50,50,26.67,6.67,47.17,Weak Signal,High Risk,42.17,Weak Signal,-9.81,-6.37,29.48,32.92,100
2026Q1,TCB,Techcombank,HOSE,Banking,Commercial Bank,1,30.07,-12.15,-11.4,-11.77,-18.99,46.81,32.64,13649556.93,453551756.11,10,50,50,46.67,96.67,41.17,Weak Signal,Low Risk,42.17,Weak Signal,-9.81,-6.37,-5.78,-2.34,20
2026Q1,ACB,ACB,HOSE,Banking,Commercial Bank,1,20.29,-1.89,-1.7,-2.69,-8.19,54.52,29.02,15506947.21,318960209.16,15,50,50,33.33,100.0,44.75,Weak Signal,Low Risk,42.0,Weak Signal,-9.81,-6.37,4.48,7.92,60
2026Q1,HCM,HSC Securities,HOSE,Securities,Brokerage,1,22.7,6.12,-2.78,0.35,-13.72,50.33,44.28,15002774.46,352136771.4,30,50,50,40.0,40.0,47.5,Weak Signal,Medium Risk,41.5,Weak Signal,-9.81,-6.37,12.49,15.93,100
2026Q1,VNM,Vinamilk,HOSE,Consumer,Dairy,1,58.58,0.33,-9.16,-3.37,2.99,38.71,41.79,7983014.96,516619418.44,15,50,50,60.0,50.0,45.75,Weak Signal,Medium Risk,41.0,Weak Signal,-9.81,-6.37,6.7,10.14,80
2026Q1,PLX,Petrolimex,HOSE,Energy,Petroleum Distribution,1,40.4,11.29,-34.63,13.48,15.26,23.67,70.6,9177864.91,487350500.18,30,50,50,53.33,10.0,46.5,Weak Signal,High Risk,40.5,Weak Signal,-9.81,-6.37,17.66,21.1,100
2026Q1,VJC,Vietjet Air,HOSE,Transportation,Airlines,1,120.0,-24.82,-7.69,-24.45,14.8,44.62,43.29,1423907.33,190229095.09,35,50,50,16.67,43.33,37.58,Weak Signal,Medium Risk,39.83,Weak Signal,-9.81,-6.37,-18.45,-15.01,20
2026Q1,BID,BIDV,HOSE,Banking,Commercial Bank,1,39.4,2.47,-12.83,3.68,-2.6,36.14,49.3,10671277.19,504212057.89,15,50,50,56.67,23.33,42.58,Weak Signal,Medium Risk,37.83,Weak Signal,-9.81,-6.37,8.84,12.28,80
2026Q1,TPB,TPBank,HOSE,Banking,Commercial Bank,1,16.3,-1.81,-8.43,-6.05,-11.8,48.05,32.72,14441559.65,248928972.72,0,50,50,23.33,93.33,38.83,Weak Signal,Low Risk,35.33,Weak Signal,-9.81,-6.37,4.56,8.0,60
2026Q1,SAB,Sabeco,HOSE,Consumer,Beverage,1,44.3,-3.97,-6.14,-6.7,0.75,46.99,38.25,1538101.81,74862518.24,15,50,50,3.33,70.0,37.25,Weak Signal,Medium Risk,34.5,Risk Alert,-9.81,-6.37,2.4,5.84,60
2026Q1,KDH,Khang Dien House,HOSE,Real Estate,Residential Real Estate,1,26.0,-18.5,-4.24,-21.21,-22.85,51.88,41.37,5727831.58,158283966.4,15,50,50,10.0,56.67,32.92,Risk Alert,Medium Risk,34.17,Risk Alert,-9.81,-6.37,-12.13,-8.69,20
2026Q1,VRE,Vincom Retail,HOSE,Real Estate,Retail Real Estate,1,24.87,-27.66,-7.37,-24.82,-12.4,51.35,54.33,8459582.09,247928717.79,15,50,50,20.0,20.0,30.75,Risk Alert,High Risk,32.0,Risk Alert,-9.81,-6.37,-21.29,-17.85,20
2026Q1,BCM,Becamex IDC,HOSE,Industrial Parks,Industrial Real Estate,1,53.1,-11.59,-18.31,-11.74,-19.85,37.1,48.27,1353101.25,89537171.69,0,50,50,6.67,26.67,25.67,Risk Alert,Medium Risk,26.17,Risk Alert,-9.81,-6.37,-5.22,-1.78,20
2026Q2,VCB,Vietcombank,HOSE,Banking,Commercial Bank,1,62.2,5.42,0.0,7.24,7.61,56.76,22.25,6980620.97,429530709.84,80,50,50,80.0,80.0,64.0,Neutral,Medium Risk,66.5,Positive Signal,7.19,9.22,-3.8,-1.77,40
2026Q2,ACB,ACB,HOSE,Banking,Commercial Bank,1,22.65,10.43,5.59,10.7,8.17,46.98,25.6,18663499.87,397948981.66,85,50,50,73.33,60.0,64.25,Neutral,Medium Risk,65.0,Positive Signal,7.19,9.22,1.21,3.24,60
2026Q2,VIC,Vingroup,HOSE,Real Estate,Conglomerate / Real Estate,1,220.0,56.03,7.37,69.88,38.54,67.8,49.61,3780806.45,762901245.48,90,50,50,96.67,10.0,68.0,Positive Signal,High Risk,65.0,Positive Signal,7.19,9.22,46.81,48.84,100
2026Q2,VHM,Vinhomes,HOSE,Real Estate,Residential Real Estate,1,151.8,43.05,3.7,53.04,46.77,60.16,57.38,5857512.03,825717441.76,90,50,50,100.0,3.33,67.83,Positive Signal,High Risk,64.83,Neutral,7.19,9.22,33.83,35.86,100
2026Q2,STB,Sacombank,HOSE,Banking,Commercial Bank,1,73.8,18.65,10.15,20.59,40.84,62.5,37.56,5917195.16,409894414.52,90,50,50,76.67,23.33,64.33,Neutral,High Risk,63.33,Neutral,7.19,9.22,9.43,11.46,80
2026Q2,BID,BIDV,HOSE,Banking,Commercial Bank,1,42.4,5.34,1.19,7.48,10.42,56.1,26.87,6744135.48,282540926.13,90,50,50,53.33,50.0,59.5,Neutral,Medium Risk,62.5,Neutral,7.19,9.22,-3.88,-1.85,40
2026Q2,POW,PV Power,HOSE,Utilities,Power Generation,1,14.7,12.64,6.52,12.64,15.75,67.8,28.23,11426038.71,157123707.9,90,50,50,26.67,43.33,56.83,Neutral,Medium Risk,57.83,Neutral,7.19,9.22,3.42,5.45,60
2026Q2,SAB,Sabeco,HOSE,Consumer,Beverage,1,48.5,8.99,2.75,9.85,1.96,59.05,24.8,710117.74,33596764.76,90,50,50,6.67,70.0,54.5,Neutral,Medium Risk,57.5,Neutral,7.19,9.22,-0.23,1.8,40
2026Q2,HDB,HDBank,HOSE,Banking,Commercial Bank,1,25.85,0.98,0.39,2.58,-4.26,65.71,22.46,11283308.06,295454080.81,60,50,50,56.67,76.67,53.17,Neutral,Medium Risk,56.67,Neutral,7.19,9.22,-8.24,-6.21,20
2026Q2,TPB,TPBank,HOSE,Banking,Commercial Bank,1,16.6,1.53,5.73,4.08,-4.05,67.57,20.3,10089495.16,162730690.65,65,50,50,33.33,90.0,52.25,Neutral,Low Risk,56.0,Neutral,7.19,9.22,-7.69,-5.66,20
2026Q2,HCM,HSC Securities,HOSE,Securities,Brokerage,1,27.2,15.74,0.18,21.97,18.73,44.0,30.62,9661203.23,259733089.92,60,50,50,46.67,33.33,53.33,Neutral,Medium Risk,50.83,Neutral,7.19,9.22,6.52,8.55,80
2026Q2,VPB,VPBank,HOSE,Banking,Commercial Bank,1,27.0,2.54,0.19,5.3,-5.23,70.21,25.59,13619551.9,365465186.26,40,50,50,66.67,63.33,48.33,Weak Signal,Medium Risk,50.83,Neutral,7.19,9.22,-6.68,-4.65,20
2026Q2,TCB,Techcombank,HOSE,Banking,Commercial Bank,1,33.5,11.04,3.55,12.15,-2.81,75.25,26.55,12082752.55,387110238.56,40,50,50,70.0,53.33,51.83,Neutral,Medium Risk,50.33,Neutral,7.19,9.22,1.82,3.85,60
2026Q2,SSI,SSI Securities,HOSE,Securities,Brokerage,1,26.75,-4.12,-2.55,0.75,-14.94,52.7,25.73,17971506.45,499813940.73,30,50,50,86.67,56.67,48.17,Weak Signal,Medium Risk,50.17,Neutral,7.19,9.22,-13.34,-11.31,20
2026Q2,MBB,Military Bank,HOSE,Banking,Commercial Bank,1,25.2,-4.91,0.4,-2.14,-0.2,63.89,17.03,14263500.0,365364099.35,25,50,50,63.33,96.67,47.42,Weak Signal,Low Risk,49.17,Weak Signal,7.19,9.22,-14.13,-12.1,20
2026Q2,VJC,Vietjet Air,HOSE,Transportation,Airlines,1,139.5,8.66,6.06,15.44,-11.97,49.27,35.65,1200722.9,161827554.0,60,50,50,30.0,26.67,46.17,Weak Signal,High Risk,47.67,Weak Signal,7.19,9.22,-0.56,1.47,40
2026Q2,HPG,Hoa Phat Group,HOSE,Steel,Steel,1,23.3,-3.88,-3.12,-2.96,-2.96,45.71,20.97,26182489.32,639611394.72,0,50,50,90.0,86.67,44.17,Weak Signal,Low Risk,44.67,Weak Signal,7.19,9.22,-13.1,-11.07,20
2026Q2,MSN,Masan Group,HOSE,Consumer,Consumer Goods,1,72.1,-6.24,-3.48,-3.61,-5.13,51.92,21.4,4646687.1,356313445.0,15,50,50,60.0,83.33,43.08,Weak Signal,Medium Risk,44.33,Weak Signal,7.19,9.22,-15.46,-13.43,20
2026Q2,CTG,VietinBank,HOSE,Banking,Commercial Bank,1,33.95,-2.3,-1.74,-0.29,-3.41,57.89,18.53,7798853.23,271611718.31,15,50,50,50.0,93.33,42.58,Weak Signal,Low Risk,43.83,Weak Signal,7.19,9.22,-11.52,-9.49,20
2026Q2,FPT,FPT Corporation,HOSE,Technology,IT Services,1,70.2,-5.49,-3.7,-3.82,-24.05,15.52,28.45,9647093.74,708058382.97,0,50,50,93.33,40.0,40.0,Weak Signal,Medium Risk,40.5,Weak Signal,7.19,9.22,-14.71,-12.68,20
2026Q2,MWG,Mobile World,HOSE,Retail,Consumer Retail,1,78.1,-5.22,-1.26,-3.34,-8.12,49.62,30.59,5344193.55,433626085.16,0,50,50,83.33,36.67,38.17,Weak Signal,Medium Risk,38.67,Weak Signal,7.19,9.22,-14.44,-12.41,20
2026Q2,VNM,Vinamilk,HOSE,Consumer,Dairy,1,54.8,-7.68,-4.25,-6.61,-10.46,25.49,13.68,3368040.79,195953999.7,0,50,50,40.0,100.0,38.0,Weak Signal,Low Risk,38.5,Weak Signal,7.19,9.22,-16.9,-14.87,20
2026Q2,GVR,Vietnam Rubber Group,HOSE,Materials,Rubber / Industrial Materials,1,32.8,0.92,-6.42,-0.91,23.31,41.48,40.69,3268300.0,113679079.27,35,50,50,16.67,20.0,35.25,Weak Signal,High Risk,37.5,Weak Signal,7.19,9.22,-8.3,-6.27,20
2026Q2,VCI,Vietcap Securities,HOSE,Securities,Brokerage,1,24.35,-10.97,-1.42,-6.88,-4.55,61.64,27.78,7332937.42,189957661.53,15,50,50,36.67,46.67,35.92,Weak Signal,Medium Risk,37.17,Weak Signal,7.19,9.22,-20.19,-18.16,20
2026Q2,VRE,Vincom Retail,HOSE,Real Estate,Retail Real Estate,1,28.5,7.1,-5.41,15.06,-10.57,49.22,52.43,7286074.11,218998597.89,15,50,50,43.33,6.67,34.92,Risk Alert,High Risk,34.17,Risk Alert,7.19,9.22,-2.12,-0.09,40
2026Q2,KDH,Khang Dien House,HOSE,Real Estate,Residential Real Estate,1,21.6,-18.49,-4.64,-17.08,-34.84,19.4,22.6,4264703.23,102484048.39,0,50,50,13.33,73.33,31.33,Risk Alert,Medium Risk,31.83,Risk Alert,7.19,9.22,-27.71,-25.68,20
2026Q2,PLX,Petrolimex,HOSE,Energy,Petroleum Distribution,1,36.95,-9.21,-7.04,-10.75,4.67,22.32,46.35,3794743.55,152805553.55,15,50,50,23.33,13.33,30.58,Risk Alert,High Risk,31.83,Risk Alert,7.19,9.22,-18.43,-16.4,20
2026Q2,GAS,PV Gas,HOSE,Energy,Gas,1,77.4,-3.25,-8.08,-4.21,18.53,33.33,44.14,1751404.84,143797562.74,15,50,50,20.0,16.67,30.42,Risk Alert,High Risk,31.67,Risk Alert,7.19,9.22,-12.47,-10.44,20
2026Q2,PNJ,Phu Nhuan Jewelry,HOSE,Retail,Jewelry Retail,1,63.0,-13.54,-4.26,-12.5,1.61,46.43,33.09,1019488.58,69506953.55,15,50,50,10.0,30.0,30.25,Risk Alert,High Risk,31.5,Risk Alert,7.19,9.22,-22.76,-20.73,20
2026Q2,BCM,Becamex IDC,HOSE,Industrial Parks,Industrial Real Estate,1,52.4,-3.14,-4.2,-2.24,-13.89,47.54,24.84,426435.48,23186684.68,0,50,50,3.33,66.67,29.17,Risk Alert,Medium Risk,29.67,Risk Alert,7.19,9.22,-12.36,-10.33,20
2026Q3,MBB,Military Bank,HOSE,Banking,Commercial Bank,1,26.0,0.97,5.48,1.56,4.0,63.64,16.94,15055316.67,387044712.5,90,50,50,73.33,96.67,69.17,Positive Signal,Low Risk,70.17,Positive Signal,-0.74,-0.72,1.69,1.71,60
2026Q3,TCB,Techcombank,HOSE,Banking,Commercial Bank,1,33.75,-1.6,9.22,20.06,0.33,73.83,25.88,12245466.67,414597793.33,85,50,50,83.33,53.33,63.08,Neutral,Medium Risk,65.83,Positive Signal,-0.74,-0.72,-0.88,-0.86,40
2026Q3,VHM,Vinhomes,HOSE,Real Estate,Residential Real Estate,1,150.0,0.87,6.69,35.45,32.57,62.8,54.72,3864807.5,585277392.98,90,50,50,100.0,3.33,63.83,Neutral,High Risk,64.83,Neutral,-0.74,-0.72,1.59,1.61,60
2026Q3,VIC,Vingroup,HOSE,Real Estate,Conglomerate / Real Estate,1,220.7,1.66,14.23,53.91,35.4,64.25,48.76,2394416.67,526679938.33,90,50,50,93.33,10.0,63.5,Neutral,High Risk,64.5,Neutral,-0.74,-0.72,2.38,2.4,60
2026Q3,POW,PV Power,HOSE,Utilities,Power Generation,1,14.7,0.68,7.69,17.6,14.84,59.26,27.79,12175150.0,179842890.0,100,50,50,40.0,43.33,61.33,Neutral,Medium Risk,62.83,Neutral,-0.74,-0.72,1.4,1.42,60
2026Q3,ACB,ACB,HOSE,Banking,Commercial Bank,1,22.7,0.22,-0.57,13.56,9.34,55.56,25.79,10788850.0,243393123.33,80,50,50,56.67,56.67,60.17,Neutral,Medium Risk,60.67,Neutral,-0.74,-0.72,0.94,0.96,60
2026Q3,HDB,HDBank,HOSE,Banking,Commercial Bank,1,27.55,3.57,9.76,9.76,-1.43,86.36,23.18,14727366.67,399086947.5,60,50,50,80.0,76.67,60.67,Neutral,Medium Risk,60.17,Neutral,-0.74,-0.72,4.29,4.31,60
2026Q3,VPB,VPBank,HOSE,Banking,Commercial Bank,1,27.75,0.18,7.14,8.44,-1.6,71.43,24.95,15017183.33,415577287.5,60,50,50,86.67,63.33,60.33,Neutral,Medium Risk,59.83,Neutral,-0.74,-0.72,0.9,0.92,60
2026Q3,TPB,TPBank,HOSE,Banking,Commercial Bank,1,16.3,-2.69,1.88,3.49,-4.96,52.78,20.03,11058516.67,182281397.5,65,50,50,43.33,90.0,55.75,Neutral,Low Risk,57.5,Neutral,-0.74,-0.72,-1.97,-1.95,40
2026Q3,VCB,Vietcombank,HOSE,Banking,Commercial Bank,1,61.6,-2.22,0.16,6.21,7.5,50.0,22.3,3058433.33,189383771.67,55,50,50,46.67,80.0,52.75,Neutral,Medium Risk,54.0,Neutral,-0.74,-0.72,-1.5,-1.48,40
2026Q3,HCM,HSC Securities,HOSE,Securities,Brokerage,1,28.2,0.36,2.73,16.29,26.34,48.0,31.97,5814650.0,165553982.5,75,50,50,33.33,33.33,53.08,Neutral,High Risk,53.33,Neutral,-0.74,-0.72,1.08,1.1,60
2026Q3,CTG,VietinBank,HOSE,Banking,Commercial Bank,1,34.5,0.29,3.29,2.37,-3.23,61.22,18.07,7241533.33,248266190.0,40,50,50,60.0,93.33,54.33,Neutral,Low Risk,52.83,Neutral,-0.74,-0.72,1.01,1.03,60
2026Q3,STB,Sacombank,HOSE,Banking,Commercial Bank,1,70.9,-3.14,-1.53,14.91,18.17,50.0,37.58,2832416.67,203119880.0,65,50,50,50.0,26.67,50.42,Neutral,High Risk,52.17,Neutral,-0.74,-0.72,-2.42,-2.4,40
2026Q3,VJC,Vietjet Air,HOSE,Transportation,Airlines,1,138.9,-0.29,0.88,10.45,-12.08,51.48,32.59,883400.0,123645128.33,75,50,50,26.67,30.0,51.75,Neutral,High Risk,52.0,Neutral,-0.74,-0.72,0.43,0.45,60
2026Q3,BID,BIDV,HOSE,Banking,Commercial Bank,1,41.8,-2.9,1.58,6.09,6.09,42.4,26.86,3846233.33,162146440.83,60,50,50,30.0,50.0,48.5,Weak Signal,Medium Risk,50.0,Neutral,-0.74,-0.72,-2.18,-2.16,40
2026Q3,MWG,Mobile World,HOSE,Retail,Consumer Retail,1,78.8,-1.5,1.81,1.03,-10.96,50.37,30.45,4030400.0,318427116.67,40,50,50,66.67,36.67,47.67,Weak Signal,Medium Risk,48.17,Weak Signal,-0.74,-0.72,-0.78,-0.76,40
2026Q3,VCI,Vietcap Securities,HOSE,Securities,Brokerage,1,25.4,2.01,8.55,-6.62,-1.01,60.71,27.24,8751483.33,218997885.83,40,50,50,53.33,46.67,48.67,Weak Signal,Medium Risk,47.17,Weak Signal,-0.74,-0.72,2.73,2.75,60
2026Q3,SSI,SSI Securities,HOSE,Securities,Brokerage,1,27.2,0.0,2.64,-1.09,-11.11,45.59,24.64,16689483.33,452745118.33,10,50,50,90.0,70.0,49.0,Weak Signal,Medium Risk,46.0,Weak Signal,-0.74,-0.72,0.72,0.74,60
2026Q3,FPT,FPT Corporation,HOSE,Technology,IT Services,1,72.1,-1.1,-2.17,-1.22,-24.26,53.33,29.54,7885083.33,573209808.33,15,50,50,96.67,40.0,46.25,Weak Signal,Medium Risk,45.5,Weak Signal,-0.74,-0.72,-0.38,-0.36,40
2026Q3,SAB,Sabeco,HOSE,Consumer,Beverage,1,47.2,-2.38,0.11,7.15,-0.78,39.13,25.1,595216.67,28406960.0,45,50,50,6.67,60.0,42.25,Weak Signal,Medium Risk,43.0,Weak Signal,-0.74,-0.72,-1.66,-1.64,40
2026Q3,MSN,Masan Group,HOSE,Consumer,Consumer Goods,1,69.0,-4.83,-4.7,-8.12,-10.27,24.59,21.83,5561616.67,388603001.67,0,50,50,76.67,83.33,43.83,Weak Signal,Medium Risk,42.33,Weak Signal,-0.74,-0.72,-4.11,-4.09,40
2026Q3,HPG,Hoa Phat Group,HOSE,Steel,Steel,1,23.2,-1.07,-1.49,-3.05,-1.94,37.84,20.25,15313066.67,355878265.83,0,50,50,70.0,86.67,43.17,Weak Signal,Low Risk,41.67,Weak Signal,-0.74,-0.72,-0.35,-0.33,40
2026Q3,VNM,Vinamilk,HOSE,Consumer,Dairy,1,55.7,0.91,-1.33,-5.71,-6.92,33.86,13.31,3123203.17,172713773.82,0,50,50,36.67,100.0,41.5,Weak Signal,Low Risk,38.0,Weak Signal,-0.74,-0.72,1.63,1.65,60
2026Q3,PNJ,Phu Nhuan Jewelry,HOSE,Retail,Jewelry Retail,1,52.0,-17.07,-19.75,-22.0,-18.65,9.6,39.28,5185333.33,276077180.0,10,50,50,63.33,23.33,36.33,Weak Signal,High Risk,37.33,Weak Signal,-0.74,-0.72,-16.35,-16.33,20
2026Q3,KDH,Khang Dien House,HOSE,Real Estate,Residential Real Estate,1,21.0,-3.89,-11.39,-16.0,-33.33,22.22,23.23,3411183.33,72041568.33,0,50,50,13.33,73.33,33.33,Risk Alert,Medium Risk,31.83,Risk Alert,-0.74,-0.72,-3.17,-3.15,40
2026Q3,VRE,Vincom Retail,HOSE,Real Estate,Retail Real Estate,1,27.05,-4.42,-3.74,8.55,-14.61,35.45,50.19,3821217.0,105945750.02,15,50,50,23.33,6.67,31.92,Risk Alert,High Risk,31.17,Risk Alert,-0.74,-0.72,-3.7,-3.68,40
2026Q3,GVR,Vietnam Rubber Group,HOSE,Materials,Rubber / Industrial Materials,1,31.5,-4.98,-5.69,0.0,18.42,22.45,40.57,1673016.67,53486443.33,15,50,50,10.0,20.0,31.25,Risk Alert,High Risk,30.5,Risk Alert,-0.74,-0.72,-4.26,-4.24,40
2026Q3,BCM,Becamex IDC,HOSE,Industrial Parks,Industrial Real Estate,1,50.7,-3.98,-4.16,-4.7,-16.13,19.64,24.91,393200.0,20163110.0,0,50,50,3.33,66.67,31.17,Risk Alert,Medium Risk,29.67,Risk Alert,-0.74,-0.72,-3.26,-3.24,40
2026Q3,PLX,Petrolimex,HOSE,Energy,Petroleum Distribution,1,35.25,-5.87,-12.96,-8.68,-1.4,21.37,46.55,2084916.67,74540899.17,0,50,50,20.0,13.33,26.33,Risk Alert,High Risk,26.83,Risk Alert,-0.74,-0.72,-5.15,-5.13,20
2026Q3,GAS,PV Gas,HOSE,Energy,Gas,1,74.8,-4.1,-9.22,-3.23,-0.13,23.88,43.67,959466.67,72166515.0,0,50,50,16.67,16.67,28.17,Risk Alert,High Risk,26.67,Risk Alert,-0.74,-0.72,-3.38,-3.36,40
